:020000040800F2
:10000000D04A002001010008F5140008D1010008C1
:10001000F1140008E9120008F11D000800000000BA
:100020000000000000000000000000004D17000864
:10003000ED12000800000000530100087D180008C0
:100040001B0100081B0100081B0100081B01000820
:100050001B0100081B0100081B0100081B01000810
:100060001B0100081B0100081B0100081B01000800
:100070001B0100081B0100081B0100081B010008F0
:100080001B0100081B0100081B0100081B010008E0
:100090001B0100081B0100081B0100081B010008D0
:1000A0001B0100081B0100081B0100081B010008C0
:1000B0001B0100081B0100081B0100081B010008B0
:1000C0001B0100081B0100081B0100081B010008A0
:1000D0001B010008111A00081B0100081B01000881
:1000E0001B0100081B0100081B010008DFF80CD0F1
:1000F00000F016FE00480047DD120008D04A00203C
:100100000648804706480047FEE7FEE7FEE7FEE7B1
:10011000FEE7FEE7FEE7FEE7FEE7FEE7A9190008B7
:10012000ED000008EFF3108072B6704780F310887E
:100130007047344A1368012B04D04FF00103136059
:10014000314A1060314A116031484FF080510160EE
:100150007047EFF3108272B62A48016891B14FF0F0
:10016000000101602848016829B1EFF3098121E904
:10017000F00F00680160254909680968B1E8F00FCF
:1001800081F3098882F310884EF0040E70471F49EE
:1001900008601D494FF0000008601A494FF0010047
:1001A00008601C481C49D0F8002041EA02010160A7
:1001B00017484FF08051016018480068006880F3CC
:1001C000088861B662B6BFF34F8FBFF36F8F704779
:1001D0001EF0040F0CBFEFF30880EFF3098020E955
:1001E000F00F40F804ED1EF0040F0CBF80F30888F8
:1001F00080F3098800B505F01BF85DF804EB4EF0BC
:10020000040E7047704600205C43002064430020C9
:1002100004ED00E020ED00E00000FFFF08ED00E04D
:10022000004870479C93000810B50446FFF7F8FF9C
:100230000068005D00F0010010BD10B5431A934244
:1002400009D28318881803E010F8011D03F8011D76
:10025000521EF9D210BD40EA01039B0703D009E00A
:1002600008C9121F08C0042AFAD203E011F8013BA2
:1002700000F8013B521EF9D210BDD2B201E000F8E5
:10028000012B491EFBD270470022F6E710B513463A
:100290000A4604461946FFF7F0FF204610BD421EED
:1002A00012F8013F002BFBD111F8013B02F8013B92
:1002B000002BF9D1704710B5044604E00B7800F824
:1002C000013B03B1491C521EF8D2204610BD421C0E
:1002D00010F8011B0029FBD1801A704710B50022CD
:1002E00000E0521C835C8C5CA34201D1002BF8D14E
:1002F000D8B2E1B2401A10BD034611F8012B00F844
:10030000012B002AF9D11846704730B50546002068
:10031000034600E05B1C934205D2EC5CC85C201AEB
:1003200001D1002CF6D130BD70B5064607F06AFD4C
:10033000046805460A220021304600F0AFFB2C601D
:1003400070BDF0B480EA0102D40F4200B2EB410F5D
:1003500002D20246084611464A0042D0C30DDDB221
:10036000C1F3C752AD1A202D35DAC1F3160141F49D
:10037000000204B15242C5F1200602FA06F12A41F8
:100380001044B3EBD05F23D0C4B1012DA0EBC35018
:1003900009DCF0BC4FF0004202EAC352DBB200F5C8
:1003A000000000F0BCBB400000F1807000EBC350C7
:1003B000A0F1807040EAD170490009E0490841EAA3
:1003C000C071A0EBC35000F50000400800EBC35023
:1003D000F0BC00F09BBB6142012202EB4101001B1B
:1003E000F6E7F0BC704781F00041AAE780F00040DA
:1003F000A7E780EA010210B502F00043400022D0D6
:100400004A001FD0010E01EB1261C0F35600C2F387
:10041000560240F4000042F40002A0FB0220000457
:100420007F39140400D0401C50EA124001D440002F
:10043000491EC2B20C0604EBD010401C4008802AB2
:1004400002D003E0002010BD20F00100002900DAF6
:100450000020184310BD30B480EA010202F00045CC
:1004600030F0004221F0004013D090B1C30DD40D04
:10047000C2F31601C0F31600E41A41F4000140F47F
:1004800000027D34914201D3641C00E04900002C3D
:1004900002DA30BC002070474FF400000023914284
:1004A00001D3891A034340084FEA4101F7D151B102
:1004B000914202D14FF0004105E002D24FF001011C
:1004C00001E06FF0010103EBC450284430BC00F0A0
:1004D0001DBB2DE9FE4F804681EA0300C00F0C468C
:1004E000009021F0004123F00045B8EB0200A94143
:1004F00005D24046214690461C460B46024623F054
:100500000040104347D0270DC7F30A00C3F30A5138
:100510000290401A019040286BDAC3F3130040F4B4
:10052000801B0098924620B10023D2EB030A63EBB4
:100530000B0B01985946C0F14002504600F039FAC1
:1005400006460D4650465946019A00F041FA10EB16
:1005500008006141002487EA115284EAE7731A43D4
:1005600040D0009A62B3019A012A4FEA075215DC83
:10057000001B61EB02014FF0004202EA0752CDE995
:100580000042001C41F5801132462B4600F033FB3F
:1005900003B0BDE8F08F40462146F9E7001B61EB50
:1005A0000201001C41F5801300185B412018A2F5E0
:1005B000001747EB030140EAD570B6196D4111E011
:1005C0006D084FEA360645EAC0754FEA0752001B30
:1005D00061EB0201001C41F5801149084FEA30002F
:1005E0000019514132462B4603B0BDE8F04F00F0F0
:1005F000F3BA0098012240000023D0EB020263EB23
:10060000E073009821464FEAE074B8EB000061EB1C
:100610000401E9E783F000435BE781F0004158E71C
:100620002DE9FE4F81EA030404F0004421F000416B
:1006300000944FF0000B23F0004350EA01045ED019
:1006400052EA03045BD0C3F30A54C1F30A552C44A5
:10065000A4F2F3340194A0FB0254C1F3130141F45A
:100660008011C3F3130343F4801301FB024400FB26
:10067000034E840A970A44EA815447EA8357A4FB4D
:10068000076802958D0A05FB07854FEA932C04FB4A
:100690000C542705029D4FEA065847EA1637B5EB7A
:1006A00008056EEB070C870E920E47EA811742EAA7
:1006B0008312A7FB0201B6EB0B0164EB00042B0DC8
:1006C00043EA0C335E1844EB1C50DA465146E7FB14
:1006D0000201C5F313044FEA0B3343EA14534FEA04
:1006E0000432019C43EA0603A4F10C040294009C2A
:1006F000CDE900B400F07FFA03B0BDE8F08F002030
:100700000146F9E72DE9F04D81EA030404F0004BBE
:1007100021F0004514464FF0000A23F0004150EA52
:10072000050220D054EA01021DD0C5F30A57024643
:10073000C5F31303C1F31300C1F30A5640F4801547
:1007400043F48013A7EB0608101BD64608F2FD38C9
:1007500073EB050002D308F1010801E092185B4138
:10076000B8F1000F03DA00200146BDE8F08D00204B
:100770004FF48011064684460EE0171B73EB050705
:1007800005D3121B63EB050306434CEA010C490831
:100790004FEA300092185B4150EA0107EDD152EA6E
:1007A000030012D082EA040083EA0501084305D061
:1007B000101BAB4106D20122002306E000224FF0BD
:1007C000004302E06FF0010253101AEB06004CEBFD
:1007D000085110EB0A0041EB0B01BDE8F04D00F0B1
:1007E000FBB9002801DBC0F10040002901DBC1F1A9
:1007F0000041814201D80120704700207047002845
:1008000001DBC0F10040002901DBC1F10041814260
:1008100001D20120704700207047002801DBC0F1A1
:100820000040002901DBC1F10041814201D30120D8
:10083000704700207047002801DBC0F1004000290C
:1008400001DBC1F10041814201D901207047002044
:10085000704730B5041E71F1000404DB4FF0004412
:10086000404264EB0101141E73F1000405DB1C46D9
:100870004FF00043524263EB0403801A994101D3C5
:10088000012030BD002030BDC10F80EAE070084477
:10089000CA079623002100F042B996230022114690
:1008A00000F03DB90EB5C10F80EAE0700844CA07F8
:1008B000002140F233438DE80E000A460B4600F05B
:1008C0009AF903B000BD00F0004230F000400AD0B9
:1008D000C10D01F56071C0F3160042EA0151C20872
:1008E00040071143704700200146704701F0004364
:1008F00030B421F0004150EA010206D00A0DA2F501
:100900006072C1F31301002A02DC30BC0020704782
:10091000440F44EAC104C100E01830BC00EBC250EF
:1009200000F0F4B830B50B46014600202022012427
:1009300009E021FA02F59D4205D303FA02F5491BAD
:1009400004FA02F52844151EA2F10102F1DC30BDC3
:100950002DE9F05F0546002092469B4688460646F4
:10096000814640241BE0284641464746224600F087
:10097000EFF953465A46C01A914110D31146184612
:10098000224600F016F82D1A67EB01084F46224662
:100990000120002100F00DF817EB00094E41201E48
:1009A000A4F10104DFDC484631462A464346BDE84F
:1009B000F09F202A04DB203A00FA02F10020704761
:1009C0009140C2F1200320FA03F31943904070478D
:1009D000202A06DBCB17203A41FA02F043EAE07303
:1009E00006E041FA02F3D040C2F1200291400843F0
:1009F000194670470FB40B0010B58AB00FA90091CB
:100A00000E994FF00004234ACC60214CCDE90642F8
:100A100000D004236FF00042CDE901321E4A089253
:100A200002466B46002000F037FA0AB010BC5DF8B1
:100A300014FBF0B585B007464FF0FF300091CDE9CB
:100A400001011E46002015460C4604903B466A46AE
:100A5000314604A8FFF7CEFF04990346601825B17C
:100A600009B1024600E022462A6000290ED0002B80
:100A700002DD0099814209D00094001BCDE90104F8
:100A80003B466A46314604A8FFF7B4FF05B0F0BD07
:100A9000D1100008EF100008290200082DE9F047E6
:100AA00091460F4680460446002614F8015B2DB19E
:100AB000FFF7B6FB0068405DC007F6D12B2D02D0D2
:100AC0002D2D18D0641E4A463946204600F020FBE2
:100AD00027B13968A14201D1C7F8008071054FF0F4
:100AE00002040BD54042002803DD07F08BF90460B7
:100AF000A007BDE8F08746F48066E4E70028F8DA4E
:100B000007F080F904606FF00040F2E70029A8BF09
:100B10007047401C490008BF20F00100704710B426
:100B2000B0FA80FC00FA0CF050EA010404BF10BCDB
:100B3000704749B1CCF1200421FA04F411FA0CF108
:100B400018BF012121430843A3EB0C01CB1D4FEA41
:100B500000614FEA102042BF002010BC704700EB3C
:100B6000C35010440029A4BF10BC7047401C49006A
:100B700008BF20F0010010BC7047F0B4002802DC70
:100B8000F0BC00207047C0F3C751C0F3160040F41A
:100B90000000CA0701D14000491E3F2202EB610557
:100BA000002211464FF4000626FA01F31344D4182C
:100BB000844201D8001B1A464000491C1729F3DD66
:100BC0005100814202D24FF0FF3100E0002102EBE0
:100BD000C550F0BCFFF79ABF10B5141E73F10004A6
:100BE00008DA401C41F1000192185B411A4301D11F
:100BF00020F0010010BD2DE9F04D92469B4611B149
:100C0000B1FA81F202E0B0FA80F220329046FFF7AA
:100C1000D0FE04460F4640EA0A0041EA0B01534663
:100C20005A46084313D0114653EA010019D0C8F1BF
:100C30004002504600F08CF805460E465046594694
:100C40004246FFF7B6FE084305D0012004E02046E7
:100C50003946BDE8F08D0020054346EAE0762C4396
:100C600037430A986305E40AA0EB08000022FD0A56
:100C700044EA47540A3002D500200146E9E701055D
:100C800010196941DDE9084500196941BDE8F04DD9
:100C9000A2E770B521F0004303430CD0C1F30A551D
:100CA0000024D5EB040564EB0403D617AD1AB34159
:100CB00002DB0020014670BD201841EB025170BDDF
:100CC000C1F30A52C1F3130140F2FF3341F4801122
:100CD0009A4202DA00200146704740F233439A42BA
:100CE000A2F2334202DC524200F032B8FFF761BE9A
:100CF00030B5041E71F1000404DB4FF000444042A3
:100D000064EB0101141E73F1000405DB1C464FF077
:100D10000043524263EB0403994208BF904230BD46
:100D20001CB509480090094801900546009C06E062
:100D3000E06840F0010394E8070098471034AC42A3
:100D4000F6D3FFF7D7F9000048A3000868A300080E
:100D5000202A04DB203A21FA02F00021704721FA10
:100D600002F3D040C2F12002914008431946704777
:100D70002DE9FF4F087883B09946FF2805D0491C1C
:100D80002D2804D00024002008E000200BE00124DE
:100D9000F9E700EB800003EB4000491C0B78FF2BC8
:100DA000F7D104B1404200230293147819461D463E
:100DB0002D2C01D02B2C04D1521C2D2C13D000240F
:100DC0000294AA461478FF2C0FD00A25A3FB0578BD
:100DD00001FB05814FF0000C03FB0C11521CE319C1
:100DE0004AEB0101EEE70124EAE7814453EA0100FE
:100DF00002D019F5C87F06DA03980021C0E9001176
:100E000007B0BDE8F08F0025AE4E2F46DFF8B88260
:100E1000184600F02BFACDE90001B9F1000002DA22
:100E2000C9F1000400E004460023A74A1AEB030BB3
:100E300042EB045A12E0E00707D02A463346384610
:100E40004146FFF7EDFB074688462A4633461046E3
:100E50001946FFF7E5FB05460E466410002CEAD163
:100E6000DDE90001B9F1000F5A46534606DAFFF7F3
:100E700049FC3A464346FFF745FC05E0FFF7D0FB47
:100E80003A464346FFF7CCFB029A0AB181F0004193
:100E9000039AC2E90001B3E72DE9FF4F1F468DB069
:100EA000D7E901464FF0FF382E2045464FF00009A4
:100EB0000B90B9696D1C0E988847396A824688473D
:100EC0000028F6D1BAF1FF3F0AD024F4D064002EF6
:100ED00011DDBAF12B0F08D0BAF12D0F0BD102E0C2
:100EE000404611B08DE744F48064B9696D1C0E98DA
:100EF00088478246761E6946600501D52D2000E0B0
:100F00002B208DF8000001F1010B0DF1200809E004
:100F1000B9696D1C0E98884782460F9844F4007496
:100F2000761E0560002E02DDBAF1300FF0D00B996D
:100F30008A453ED144F0800406E00F99681CA9F16F
:100F4000010944F400740860B9696D1C761E0E989E
:100F5000884782463028F0D02BE00B998A4505D18E
:100F6000200603D444F08004761E18E0504607F0B3
:100F7000A1F808B30DF11302761EAAF1300044F473
:100F80000074934506D20BF8010B200607D5A9F192
:100F9000010003E0200602D409F101008146A0050A
:100FA00002D50F99681C0860B9696D1C0E988847B6
:100FB0008246002ED1DC53E0002E51DDBAF1650FE0
:100FC00002D0BAF1450F4BD1A00549D5B9696D1CC6
:100FD00024F44074761E0E9888478246002E0CDD5D
:100FE0002B2804D0BAF12D0F07D144F48074B969CD
:100FF0006D1C0E9888478246761EE00501D52D218E
:1010000000E02B2108F8011BCDF82C8021E00DF128
:101010002901761E44F4007488450CD2AAF13000F0
:1010200010F0FF0088F8000002D10B99884509D91B
:1010300008F1010806E0E00501D5244801E042F28C
:101040000F708146B9696D1C0E98884782460F98CB
:101050000560002E04DD504607F02CF80028D6D19C
:10106000F9690E988847FF208BF8000088F8000087
:101070000020069007904B466A4608A906A8FFF78D
:1010800077FEA00502D46FF001002AE714F0240FC8
:101090000AD0E00714D1DDE906123868031D3B6071
:1010A0000068C0E900120BE0DDE90601FFF71EFC55
:1010B0000146E00704D13868021D3A60006801600B
:1010C00028460EE7000014400000F03FF1D8FFFF73
:1010D000426842B1016811F8013B23B1521EC0E9D8
:1010E0000012184670470121C160881E704742688F
:1010F0005AB1C368016843B983688B4205D0491E61
:10110000521CC0E90012002070474FF0FF307047BA
:101110002DE9F05F82460078002715468B460AF1DC
:101120000104B946302801D09DB113E014F8010B39
:101130000127782803D0582801D045B10AE00DB125
:10114000102D07D10027102514F8010B02E0082507
:1011500000E00A250026B0460EE005FB080005FB6E
:1011600006F1012701EB10461FFA80F8B6F5803F23
:1011700000D3B94614F8010B294600F069F800289D
:10118000EBDABBF1000F05D00FB1641E00E054464E
:10119000CBF80040B9F1000F06D006F033FE022173
:1011A0000160C81EBDE8F09F48EA0640FAE72DE955
:1011B000F04D00231A461B1A8A4103DB002001462A
:1011C000BDE8F08DC1F30A52C1F3130141F480155B
:1011D0004FF0000BD10702D100186D41521E0027BD
:1011E000044640F2FF11384601EB620A3E46804653
:1011F000024600204FF48011FFF7AAFDC219714189
:10120000BB1846EB0100B4EB030C75EB000C04D3E8
:10121000E41A65EB000517460E46241908F1010093
:101220006D4180463428E3DDF91946EB0600091BC1
:10123000A84103D24FF0FF32134601E000221346CB
:101240001BEB070046EB0A51BDE8F04DFFF7C4BCAD
:101250003A2800D2303820F02002412A01D3A2F1EE
:101260003700884201D34FF0FF3070470EB540F28F
:10127000334202920022CDE900221346FFF7BBFC65
:1012800003B000BD70B58C1810F8015B15F00703B2
:1012900001D110F8013B2A1106D110F8012B03E00F
:1012A00010F8016B01F8016B5B1EF9D12B0705D417
:1012B0000023521E0DD401F8013BFAE710F8013B60
:1012C000CB1A921C03E013F8015B01F8015B521E7C
:1012D000F9D5A142D8D3002070BD000080B506F03A
:1012E0003FF8002080BD0000FFE7FEE770470000E8
:1012F00088B007900691002005900490039002901A
:10130000019000900698C07800F00F0005900698B4
:10131000C078C006002806D5FFE7069881780598B2
:1013200008430590FFE70698007800284BD0FFE7B8
:1013300007980068019000200390FFE703980728B2
:101340003DD8FFE703990120884002900698008865
:101350000299084004900498029988422AD1FFE734
:1013600003988000029002990F2088400090009915
:101370000198884301900598029900FA01F10198BB
:10138000084301900698C078282806D1FFE7039902
:1013900001208840079948610BE00698C0784828EA
:1013A00006D1FFE703990120884007990861FFE70C
:1013B000FFE7FFE7FFE7039801300390BEE70198DE
:1013C00007990860FFE706980088B0F5807F50DB3A
:1013D000FFE707984068019000200390FFE703981B
:1013E000072842D8FFE7039800F108010120884050
:1013F0000290069800880299084004900498029987
:1014000088422DD1FFE703988000029002990F20B7
:1014100088400090009901988843019005980299AE
:1014200000FA01F10198084301900698C078282835
:1014300008D1FFE7039800F10801012088400799CF
:101440004861FFE70698C078482808D1FFE703986D
:1014500000F108010120884007990861FFE7FFE7D4
:10146000FFE7039801300390B9E7019807994860B6
:10147000FFE708B07047000082B00190ADF802109D
:1014800000208DF8010001988068BDF80210084224
:1014900004D0FFE701208DF8010003E000208DF863
:1014A0000100FFE79DF8010002B0704782B0019093
:1014B000ADF80210BDF802000199486102B0704712
:1014C00082B00190ADF80210BDF8020001990861E8
:1014D00002B0704781B0009000994FF6FF7008800D
:1014E00000990220887000990420C87001B07047EC
:1014F000FFE7FEE77047000084B0039000200290F1
:1015000001900F2000900398C078B8B3FFE74EF623
:101510000C50CEF200000068C043C0F302200290DD
:101520000298C0F10400019000980299C840009010
:101530000398407801998840029003988078009938
:10154000014002980843029002980001029002981C
:10155000039909784EF20042CEF2000288540398B3
:10156000027802F01F01012088401C2101EAD2010B
:101570004EF20012CEF2000288500EE0039802787C
:1015800002F01F01012088401C2101EAD2014EF225
:101590008012CEF200028850FFE704B070470000CE
:1015A00082B001908DF803109DF8030048B1FFE769
:1015B000019A41F21801C4F2020108681043086060
:1015C00008E0019A41F21801C4F202010868904350
:1015D0000860FFE702B0704786B0059000200490D5
:1015E00003900290019041F20400C4F202000068EE
:1015F00000F00C0004900498009040B1FFE70098C0
:1016000004280BD0FFE7009808280ED047E0059982
:1016100041F20020C0F27A00086047E0059941F2EB
:101620000020C0F27A00086040E041F20400C4F2F9
:101630000200016801F470110391006800F4803029
:1016400002900399022000EB91400390029848B960
:10165000FFE7039840F60011C0F23D0148430599A9
:1016600008601BE041F20400C4F20200006880033D
:10167000002809D5FFE7039840F60011C0F23D01AC
:1016800048430599086008E0039841F20021C0F240
:101690007A01484305990860FFE7FFE706E00599EE
:1016A00041F20020C0F27A000860FFE741F2040036
:1016B000C4F20200016801F0F001049104990909E3
:1016C0000491049A49F2BC31C0F600018A5C01928F
:1016D000059B1A68DDF804C022FA0CF25A60026811
:1016E00002F4E0620492049A120A0492049A8A5C58
:1016F0000192059B5A68DDF804C022FA0CF29A6048
:10170000026802F460520492049AD20A0492049A83
:10171000895C0191059A5168019BD940D1600068AC
:1017200000F4404004900498800B0490049949F21E
:10173000A830C0F60000405C01900599C868019A85
:10174000B0FBF2F0086106B070470000704700007F
:1017500080B500F001F880BD84B0002003900290B5
:1017600041F20001C4F20201086840F480300860D0
:10177000FFE741F20000C4F20200006800F400300C
:101780000290039801300390FFE702990020019036
:1017900039B9FFE70398B0F5A06018BF01200190A8
:1017A000FFE70198C0070028E3D1FFE741F20000FE
:1017B000C4F2020000688003002803D5FFE701207F
:1017C000029002E000200290FFE70298012851D128
:1017D000FFE742F20001C4F20201086840F0100085
:1017E0000860086820F003000860086840F0020004
:1017F000086041F20401C4F2020100910868086027
:1018000008680860086840F480600860086820F490
:101810007C100860086840F4E810086041F200019C
:10182000C4F20201086840F080700860FFE741F2EE
:101830000000C4F2020000688001002801D4FFE724
:10184000F5E741F20401C4F20201086820F0030048
:101850000860086840F002000860FFE741F20400F9
:10186000C4F20200006800F00C00082801D0FFE775
:10187000F4E700E0FFE704B07047000080B504F033
:1018800039F980BD84B0002003900290019041F2AC
:101890000400C4F20200006800F00C0003900398FA
:1018A000009040B1FFE7009804280ED0FFE70098B1
:1018B000082814D056E040F20401C2F2000141F2BF
:1018C0000020C0F27A00086056E040F20401C2F243
:1018D000000141F20020C0F27A0008604CE041F2C1
:1018E0000400C4F20200016801F470110291006862
:1018F00000F4803001900299022000EB91400290A8
:10190000019860B9FFE7029840F60011C0F23D016E
:10191000484340F20401C2F20001086021E041F2B4
:101920000400C4F202000068800300280CD5FFE721
:10193000029840F60011C0F23D01484340F2040114
:10194000C2F2000108600BE0029841F20021C0F2EF
:101950007A01484340F20401C2F200010860FFE747
:10196000FFE709E040F20401C2F2000141F2002069
:10197000C0F27A000860FFE741F20400C4F20200FE
:101980000068C0B2010949F2AC30C0F60000405C0A
:101990000390039A40F20401C2F200010868D040AB
:1019A000086004B07047000080B541F20002C4F244
:1019B0000202106840F00100106041F20401C4F21C
:1019C000020108680023CFF6FF0318400860106882
:1019D0004FF6FF73CFF6F66318401060106820F4DE
:1019E00080201060086820F4FE00086041F20801C1
:1019F000C4F202014FF41F000860FFF7A9FE4EF683
:101A00000851CEF200014FF00060086080BD000078
:101A100080B582B04FF0FF30019003F0FDFC43F63B
:101A20000000C4F2010040F2255100F071F898B3B3
:101A3000FFE743F60000C4F20100202100F046F861
:101A400050B3FFE7FFE74FF0FF30019043F600008F
:101A5000C4F20100202100F039F840B1FFE743F65D
:101A60000400C4F201000088C0B20190FFE70198B1
:101A7000013008B9FFE708E09DF8041044F2C460A3
:101A8000C2F2000004F0D0F8DDE744F28060C2F258
:101A9000000004F07DFAFFE703F0D0FC02B080BD47
:101AA00082B001908DF803109DF8030030B1FFE77C
:101AB0000199888940F40050888105E0019988895E
:101AC00020F400508881FFE702B0704782B0019097
:101AD000ADF8021000208DF80100BDF80200B0F54D
:101AE000007F01D1FFE7FFE701980088BDF80210F1
:101AF0000840000420B1FFE701208DF8010003E059
:101B000000208DF80100FFE79DF8010002B070474A
:101B100086B00590ADF8121000200390029001905D
:101B20008DF80300BDF8120040F66A11884201D119
:101B3000FFE7FFE79DF8120040090190BDF8120091
:101B400000F01F0002900299012088400290019845
:101B5000012806D1FFE70598818902980840029084
:101B600010E00198022806D1FFE70598018A029843
:101B70000840029005E00598818A0298084002908A
:101B8000FFE7FFE79DF813000390039901208840C9
:101B9000039005980188039808400390029838B193
:101BA000FFE7039820B1FFE701208DF8030003E071
:101BB00000208DF80300FFE79DF8030006B0704792
:101BC00086B00590ADF812108DF81120002003901A
:101BD000029001900090BDF8120040F66A11884210
:101BE00001D1FFE7FFE7059800909DF8120040093A
:101BF0000390BDF8120000F01F000290029901202E
:101C0000884001900398012804D1FFE700980C3028
:101C100000900CE00398022804D1FFE700981030F0
:101C2000009003E0009814300090FFE7FFE79DF874
:101C3000110030B1FFE7019A00990868104308606D
:101C400005E0019A0099086890430860FFE706B034
:101C50007047000080B58CB00B900A91002009906D
:101C600008900790069005900A98808908B1FFE7D0
:101C7000FFE70B9805900B98008A099009984CF69D
:101C8000FF71084009900A98C18809980843099093
:101C900009980B9908820B988089099009984EF64B
:101CA000F311084009900A9988880A8910434989E4
:101CB000014309980843099009980B9988810B986A
:101CC000808A099009984FF6FF41084009900A98C8
:101CD000818909980843099009980B998882684678
:101CE000FFF77AFC059843F60001C4F2010188422F
:101CF00003D1FFE70398089002E002980890FFE7FD
:101D00000B988089000400280AD5FFE7089819215C
:101D100048430A9909684900B0FBF1F0079009E0CF
:101D20000898192148430A9909688900B0FBF1F025
:101D30000790FFE7079848F21F51C5F2EB11A0FB8F
:101D400001016FF00F0000EA51000990079A09980D
:101D50000009642100FB112006900B988089000483
:101D6000002810D5FFE70699322000EBC10048F2A9
:101D70001F51C5F2EB11A0FB0110C0F342110998ED
:101D8000084309900FE00699322000EB011048F259
:101D90001F51C5F2EB11A0FB0110C0F343110998CC
:101DA00008430990FFE709980B9908810CB080BDA2
:101DB00082B00190ADF80210BDF802006FF35F2011
:101DC0000199888002B0704781B0009000994FF46B
:101DD000165008600099002088800099C8800099FA
:101DE0000881009A0C2151810099888101B07047C7
:101DF000FFE7FEE782B0009000980138B0F1807FE5
:101E000003D3FFE7012001901AE0009801384EF259
:101E10001401CEF2000108604EF62351CEF200010B
:101E2000FF2008704EF21801CEF200010020086079
:101E30004EF21002CEF20002072111600190FFE77E
:101E4000019802B07047000082B00090009818B965
:101E5000FFE70020019033E09DF8000050B1FFE75C
:101E60009DF8001049F2CC30C0F60000405C013013
:101E7000019025E09DF8010050B1FFE79DF80110A9
:101E800049F2CC30C0F60000405C0930019017E008
:101E90009DF8020050B1FFE79DF8021049F2CC30E6
:101EA000C0F60000405C1130019009E09DF803107D
:101EB00049F2CC30C0F60000405C19300190FFE7D9
:101EC000019802B07047000082B001900091009824
:101ED000B0F1FF3F11D8FFE70098B0F5803F0CD379
:101EE000FFE7019800680099884205D2FFE7019951
:101EF000086801300860FFE72AE0BDF8020088B9F1
:101F0000FFE70098B0F5807F0CD3FFE701980088C9
:101F10000099884205D2FFE70199088801300880BE
:101F2000FFE714E00098FF280FD8FFE7009860B1A2
:101F3000FFE7019800780099884205D2FFE70199F0
:101F4000087801300870FFE700E0FFE7FFE7FFE7F0
:101F500002B0704780B503F07DF8002080BD00001E
:101F60007047000080B582B0019003F085F802B0A0
:101F700080BD000080B584B0039003988168002084
:101F80000190884703980169406988470398416830
:101F900001200290884703980169406988470198A9
:101FA00003994968884703980169406988470298FE
:101FB00003998968884704B080BD000080B582B06D
:101FC000019001988168012000908847019801697B
:101FD00040698847009801994968884701980169D4
:101FE00040698847019801694069884701984168BC
:101FF0000020884701980169406988470098019945
:102000008968884702B080BD80B582B00190082001
:102010008DF8030000208DF80200019881680120EE
:102020008847FFE79DF80300411E8DF8031018B3A1
:10203000FFE79DF8020040008DF80200019841681A
:1020400000208847019801694069884701984168E4
:102050000120884701980169406988470198C06854
:10206000804738B1FFE79DF8020040F001008DF88D
:10207000020000E0FFE7D5E70198416800208847AB
:1020800001980169406988479DF8020002B080BD4F
:1020900080B582B001908DF8031008208DF8020001
:1020A000FFE79DF80200411E8DF8021050B3FFE7D4
:1020B0000198416800208847019801694069884774
:1020C0009DF803000006002805D5FFE70198816808
:1020D0000120884704E00198816800208847FFE7D5
:1020E0009DF8030040008DF80300019801694069E4
:1020F0008847019841680120884701980169406933
:102100008847CEE701984168002088470198016917
:102110004069884702B080BD80B584B002900298C3
:102120008168012001908847019802994968884791
:1021300002980169406988470298C068804720B9C1
:10214000FFE702208DF80F0014E00298816800205C
:102150000090884702980169406988470098029971
:1021600049688847029801694069884700988DF856
:102170000F00FFE79DF80F0004B080BD80B584B06C
:102180000390039881680020019088470198039983
:1021900049688847039801694069884703984168FE
:1021A0000120029088470398016940698847029896
:1021B000039989688847039801694069884704B092
:1021C00080BD000080B584B0029002988168012033
:1021D00001908847019802994968884702980169E7
:1021E000406988470298C068804740B1FFE702987D
:1021F00041680020884703208DF80F000CE002980A
:10220000416800200090884702980169406988472A
:1022100000988DF80F00FFE79DF80F0004B080BD17
:1022200080B582B00190019800681C380090009839
:1022300004F0DCFA002002B080BD000080B586B05A
:10224000059004918DF80F20049804F041FB9DF84F
:102250000F000146009120B1FFE70098012806D049
:1022600032E0059804991C3103F092F92DE00598AD
:1022700000680290FFE702980599884218D0FFE7AE
:1022800002981C380190049890F83D00019991F84B
:102290003D10884207DAFFE701981C3004991C3191
:1022A00003F076F904E0FFE7029800680290E2E7A5
:1022B00002980599884206D1FFE7059804991C31D8
:1022C00003F066F9FFE700E0FFE7002006B080BDFD
:1022D00080B582B0019001981C3003F0E9F800202D
:1022E00002B080BD80B592B010900F910E92002088
:1022F0000C90FFE710980C99415C00202029029077
:1023000010D0FFE710980C99415C00200929029039
:1023100008D0FFE70C990F9A0020914238BF0120A6
:102320000290FFE70298C00720B1FFE70C98013048
:102330000C90DFE70C9820B9FFE74FF0FF301190C9
:1023400027E010980C9902F041FA0B900B9820B9F5
:10235000FFE74FF0FF3011901BE003A80190002130
:10236000202203F08FFA019A10980F9902F090FA48
:102370000D900D9820B9FFE74FF0FF30119008E065
:102380000B9A0D9803A990470E99086000201190B0
:10239000FFE7119812B080BD80B584B0039044F27D
:1023A0006C50C2F200000068FFF74EFD013801904A
:1023B000019944F26C40C2F2000050F831001C3820
:1023C0000290019803990860029804B080BD000053
:1023D00080B582B004F030FA0190FDF7A3FE0090C2
:1023E000019803F095FD01984C3004F0B7FB01997A
:1023F000042081F83C00019804F064F90098FDF78E
:1024000095FE03F06FFC02B080BD000080B588B07F
:1024100084460D980C98DDF82CE0DDF828E0CDF826
:102420001CC00691059204938DF80F0007981C308C
:1024300003F04EF805980799886204980799C862D6
:102440000A98079908630B98079948630799086BDE
:102450004A6B232103F016FA079B986AD96A1A6B14
:102460005B6B1A44043A42F2D133C0F6000302F027
:1024700095FF079948629DF80F00079981F83D0084
:1024800007980021029101640D98079A50640D98F5
:10249000079A906407988163079880F83C10079822
:1024A000C0F880100798C0F88410079B03F14C0017
:1024B0006A465160116042F2CD42C0F600021946F0
:1024C00004F064FB029808B080BD000080B584B0C1
:1024D000039003980290FDF725FE019002996FF09A
:1024E0000100886302981C3003F0EAF8029803F0B8
:1024F000BFFC0198FDF71AFE03F0F4FB04B080BDA9
:1025000080B586B084460898CDF814C00491039233
:1025100002938DF807009DF8070005994874059906
:10252000487C00F0FE0048740498059948620398BE
:10253000059988620599002008630299059AD1627D
:102540000090FFE7009800280CDCFFE70598009951
:1025500000EBC1001C3002F0C3FFFFE70098013020
:102560000090EFE706B080BD80B582B001900020FA
:102570000090FFE7009800280CDCFFE70198009925
:1025800000EBC1001C3003F0ABF8FFE7009801300E
:102590000090EFE702B080BD80B586B00590049151
:1025A000002003900290FFE70298049988420DD220
:1025B000FFE7039805990A1D05920968FDF7C1FE1A
:1025C0000390FFE7029801300290EDE70398019035
:1025D0000498FEF762F901460198FDF73CFF06B04A
:1025E00080BD000082B0019000200090FFE70098BD
:1025F0000199884205D2FFE7FFE70098013000907B
:10260000F5E702B07047000080B582B000900098F6
:102610000068A0B1FFE70098406880B1FFE700982C
:10262000C06860B1FFE70098806840B1FFE700989C
:10263000006920B1FFE70098406920B9FFE7012059
:102640008DF8070006E000980068804700208DF8AC
:102650000700FFE79DF8070002B080BD80B586B097
:1026600084460898CDF810C08DF80F108DF80E2014
:1026700002938DF8070004980068A0B1FFE7049862
:10268000406880B1FFE70498C06860B1FFE7049834
:10269000806840B1FFE70498006920B1FFE7049823
:1026A000406920B9FFE701208DF817008FE0012075
:1026B0008DF806000498FFF72FFD8DF806009DF8B1
:1026C000060028B1FFE79DF806008DF817007EE0B0
:1026D00004989DF80F104900C9B2FFF7D9FC04987F
:1026E000FFF770FD8DF806009DF8060040B1FFE78A
:1026F0000498FFF743FD9DF806008DF8170066E08B
:1027000004989DF80E10FFF7C3FC0498FFF75AFDDC
:102710008DF806009DF8060040B1FFE70498FFF72A
:102720002DFD9DF806008DF8170050E00498FFF786
:1027300025FD0498FFF7F0FC8DF806009DF80600D3
:1027400028B1FFE79DF806008DF817003FE00498D8
:102750009DF80F1049000131C9B2FFF799FC0498A8
:10276000FFF730FD8DF806009DF8060040B1FFE749
:102770000498FFF703FD9DF806008DF8170026E08A
:10278000FFE79DF80700D8B1FFE70498FFF73CFC8E
:10279000029908709DF80700012804D1FFE704980A
:1027A000FFF70CFC03E00498FFF7E4FBFFE7029857
:1027B000013002909DF8070001388DF80700E0E72E
:1027C0000498FFF7DBFC00208DF81700FFE79DF869
:1027D000170006B080BD000080B58EB000200490C8
:1027E000089044F2C460C2F2000044F2B461C2F244
:1027F0000001102203F0F4F9049B44F28060C2F25D
:10280000000049F60E31C0F600011A4603F0A6FB9F
:102810000DA80290FEF75EFE09A80590FFF7D4FA16
:1028200044F2040001210791FEF7BAFE02994FF429
:102830000070ADF83400032003908DF836001820A6
:102840008DF8370040F60000C4F201000190FEF759
:102850004FFD019802994FF48062ADF834200422B4
:102860008DF83720FEF744FD0399079825228DF84F
:1028700020208DF821108DF822108DF8230008A853
:10288000FEF73AFE049805994FF4E1320992ADF84B
:102890002800ADF82A00ADF82C00ADF830000C206F
:1028A000ADF82E0043F60000C4F201000690FFF7D9
:1028B000D1F90698079A40F22551FFF781F9069859
:1028C0000799FFF7EDF80EB080BD000080B586B027
:1028D0000590049100200390FFE7039804990139C3
:1028E00088423DD2FFE700208DF80B000190FFE702
:1028F0000198049A0399C9431144884226D2FFE7FC
:102900000598019A00EB820150F822004968FDF712
:1029100068FFB0B9FFE701208DF80B000598019919
:1029200050F8210000900599019A01EB820040685F
:1029300041F8220000980599019A01EB8201486054
:10294000FFE7FFE7019801300190D1E79DF80B0008
:1029500008B9FFE704E0FFE7039801300390BCE704
:1029600006B080BD80B582B049F60100C0F6000017
:1029700002F076FD4EF62950CEF20000019001786B
:1029800049F69610C0F6000002F06AFD0198007842
:10299000C00738B1FFE749F68110C0F6000002F029
:1029A0005FFDFFE74EF62950CEF200000078800769
:1029B000002807D5FFE749F67610C0F6000002F0C0
:1029C0004FFDFFE74EF62950CEF200000078400799
:1029D000002807D5FFE749F67410C0F6000002F0A2
:1029E0003FFDFFE74EF62950CEF2000000780007C9
:1029F000002807D5FFE749F66A10C0F6000002F08C
:102A00002FFDFFE74EF62950CEF200000078C006F9
:102A1000002807D5FFE749F66C10C0F6000002F069
:102A20001FFDFFE74EF62950CEF2000000780006A9
:102A300000280CD5FFE74EF63850CEF200000168B2
:102A400049F60D00C0F6000002F00AFD06E04AF269
:102A5000DB00C0F6000002F003FDFFE702B080BD1E
:102A600080B59AB018908DF85F101692159318984B
:102A700020B9FFE700208DF86700E8E000201490FF
:102A80001390FFE713989DF85F100139884280F298
:102A9000DA80FFE71898139900EBC1014868C9680C
:102AA000FDF7ADFE002841D1FFE7139838B9FFE7E5
:102AB00016981599086003208DF86700C7E01898EC
:102AC0000F9013990D9100EBC101486851F8082C43
:102AD0000E9251F8041CFDF786FC0D9A0E990346E0
:102AE0000F98109350F83200FDF77DFC01461098C6
:102AF000FDF7B1FC14901498119016981899139A38
:102B000001EBC20252F8081C52F8042C1292FDF795
:102B10006AFC01461198FDF76CFC1299FDF711FC57
:102B20001599086003208DF8670090E016981899B1
:102B3000139A51F83210FDF762FE002840D1FFE7EA
:102B400016981899139A01EBC2018968FDF773FE74
:102B5000B0BBFFE7189807901399069100EBC100EE
:102B6000416882680892C068FDF73DFC069A0799A3
:102B700003460898099351F83210FDF734FC0146DA
:102B80000998FDF768FC149014980B901698189902
:102B9000139A01EBC2030A9351F83210FDF723FC9C
:102BA0000A9A01460B9852680C92FDF722FC0C9988
:102BB000FDF7C7FB1599086001208DF8670046E016
:102BC00013989DF85F100139884237D1FFE71898B4
:102BD00002901399009100EBC101486851F8082C4C
:102BE000019251F8041CFDF7FEFB009A019903467F
:102BF0000298039350F83200FDF7F5FB0146039865
:102C0000FDF729FC14901498049016981899139ABB
:102C100001EBC20252F8081C52F8042C0592FDF791
:102C2000E2FB01460498FDF7E4FB0599FDF789FBFB
:102C30001599086002208DF8670008E0FFE71398F7
:102C4000013013901EE700208DF86700FFE79DF824
:102C500067001AB080BD000080B586B00490039173
:102C60000292049820B9FFE700208DF817000FE0CA
:102C7000049A0399106852680192FDF7BAFB019912
:102C8000FDF75FFB0299086001208DF81700FFE750
:102C90009DF8170006B080BD80B54AF25E10C0F600
:102CA000000002F0DDFB002080BD000080B584B094
:102CB00002900191029802283BD1FFE701984068F9
:102CC00049F68661C0F60001FDF708FB18B9FFE779
:102CD00001F08CF82AE0019840684AF28611C0F6AB
:102CE0000001FDF7FBFA18B9FFE701F06BF91CE0F2
:102CF000019840684AF28211C0F60001FDF7EEFA31
:102D000018B9FFE700F0D6FF0EE0019840684AF2DC
:102D10009111C0F60001FDF7E1FA18B9FFE700F0E4
:102D200021FF00E006E0FFE7FFE7FFE70020039058
:102D300027E0FFE749F63570C0F6000002F090FB8F
:102D400049F62970C0F6000002F08AFB4AF25200F0
:102D5000C0F6000002F084FB4AF28800C0F60000D2
:102D600002F07EFB4AF26D00C0F6000002F078FB34
:102D70004AF2A100C0F6000002F072FB00200390AE
:102D8000FFE7039804B080BD83B0029001910198E1
:102D90000A2815D1FFE7029800684CF6CD42CCF620
:102DA000CC42A0FB0231C90801EB8101A0EB41003C
:102DB000009002990868A0FB0220C008086009E0A2
:102DC0000298006800F00F0000900299086800095E
:102DD0000860FFE7009803B07047000080B582B03C
:102DE00044F27C60C2F20000006890F829004008BC
:102DF000C00740B9FFE740F2C010C2F20000002156
:102E0000017001902DE040F2C420C2F20000006881
:102E100070B1FFE740F2C420C2F20000016840F246
:102E2000C010C2F200004FF48072FDF744FA0AE0CD
:102E300040F2C010C2F200004AF21A21C0F60001AE
:102E4000FDF75AFAFFE740F2C010C2F2000000900E
:102E50004AF21F21C0F60001FDF721FA0098019007
:102E6000FFE7019802B080BD80B502F075F980BD22
:102E700081B000909DF8002044F27C60C2F2000016
:102E8000016891F8290002F0010200F0FD0040EA1B
:102E9000420081F8290001B07047000082B0019023
:102EA0000091019840F23011C2F2000108600098D0
:102EB00040F23411C2F20001086002B07047000015
:102EC00080B586B0002004904AF24C20C0F6000085
:102ED0004AF24831C0F60001FFF7E0FF01208021EF
:102EE00002F03CF8014644F27C60C2F2000001604E
:102EF000006850B9FFE74AF20520C0F6000002F072
:102F0000AFFA4FF0FF30059030E069460A20486084
:102F1000152008604AF22420C0F6000042F67571C0
:102F2000C0F60001002202924FF4806303F06AFBB6
:102F3000029B039044F27C60C2F2000000684AF2F7
:102F40003021C0F600011A4603F008F80120FFF70F
:102F50008FFF039838B1FFE7049820B9FFE7039883
:102F600003F09CFCFFE700200590FFE7059806B002
:102F700080BD000080B58CB00B9044F27C60C2F242
:102F80000000016891F8290040F0010081F8290053
:102F9000FFF724FF02F064FAFFE7FFF765FF0A90EE
:102FA0000A98B0F1FF3F01DCFFE7F6E70A981B281B
:102FB00009D1FFE744F27C60C2F200000168012001
:102FC00081F82800E9E744F27C60C2F20000006862
:102FD00090F82800012816D1FFE70A985B2809D14C
:102FE000FFE744F27C60C2F200000168022081F831
:102FF0002800D2E744F27C60C2F2000001680020A1
:1030000081F8280069E044F27C60C2F200000068A8
:1030100090F8280002285FD1FFE744F27C60C2F2FA
:1030200000000168002081F828000A98412801D199
:10303000FFE7B2E70A98422801D1FFE7ADE70A9817
:1030400044281BD1FFE744F27C60C2F20000006814
:10305000B0F87E0088B1FFE74AF20320C0F6000016
:1030600002F0FEF944F27C60C2F200000168B1F89F
:103070007E000138A1F87E00FFE78EE70A9843281A
:1030800026D1FFE744F27C60C2F200000168B1F88B
:103090007E00B1F87C10884219DAFFE744F27C60C8
:1030A000C2F2000006900068B0F87E10084490F864
:1030B0002A104AF22120C0F6000002F0D1F9069849
:1030C0000168B1F87E000130A1F87E00FFE764E7F7
:1030D000FFE7FFE7FFE7FFE7FFE7FFE70A9820B119
:1030E000FFE70A98FF2801D1FFE756E70A98092869
:1030F0002FD1FFE700200990FFE7099844F27C6197
:10310000C2F200010968B1F87E1088420BDAFFE7CD
:103110004AF20320C0F6000002F0A2F9FFE7099886
:1031200001300990E9E744F27C60C2F200000590AA
:1031300000682A3004F026FB059800682A30FDF765
:10314000C6F805990A68A2F87C000968A1F87E0013
:1031500023E70A987F2804D0FFE70A98082877D148
:10316000FFE744F27C60C2F200000068B0F87E0025
:1031700008B9FFE711E744F27C60C2F20000026880
:10318000B2F87C100139A2F87C100268B2F87E1007
:103190000139A2F87E100168B1F87C00B1F87E1008
:1031A000884242DDFFE744F27C60C2F200000490F6
:1031B0000268B2F87E30D11801F12A002B31B2F842
:1031C0007C20D21A02F01CFB04980168B1F87C2024
:1031D0000A44002182F82A100068B0F87E100844E2
:1031E00000F12A014AF2FE10C0F6000002F038F9A0
:1031F00004980068B0F87E000890FFE7089844F251
:103200007C61C2F200010968B1F87C1088420BDCD5
:10321000FFE74AF20320C0F6000002F021F9FFE7C1
:10322000089801300890E9E711E04AF2FA10C0F678
:10323000000002F015F944F27C60C2F20000006860
:10324000B0F87C100144002081F82A00FFE7A4E6D2
:10325000FFE7FFE70A980D2804D0FFE70A980A283D
:1032600032D1FFE744F27C60C2F20000006890F8BF
:103270002900C00738B1FFE74AF2DB00C0F60000C2
:1032800002F0EEF8FFE744F27C60C2F20000029028
:10329000016801F12A00B1F87C1001F035FAFFF75E
:1032A0009DFD02F0DDF8029800682A3000210391AC
:1032B000512202F0E7FA029903980A68A2F87C000A
:1032C0000968A1F87E0068E644F27C60C2F2000062
:1032D0000068B0F87C00502809DBFFE744F27C600E
:1032E000C2F2000001680020A1F87C00FFE744F270
:1032F0007C60C2F200000168B1F87E00B1F87C1079
:10330000884250DAFFE744F27C60C2F2000001908C
:103310000268B2F87E30D11801F12B002A31B2F8E0
:103320007C20D21A02F06CFA01980A990268B2F86D
:103330007E301A4482F82A10006890F82900C007ED
:1033400088B1FFE744F27C60C2F200000068B0F888
:103350007E10084400F12A014AF22D20C0F6000038
:1033600002F07EF8FFE744F27C60C2F200000068E1
:10337000B0F87E000790FFE7079844F27C61C2F244
:1033800000010968B1F87C1088420BDAFFE74AF2C5
:103390000320C0F6000002F063F8FFE70798013051
:1033A0000790E9E719E00A9944F27C60C2F2000054
:1033B0000268B2F87C301A4482F82A10006890F84B
:1033C0002900C00740B1FFE70A994AF22120C0F660
:1033D000000002F045F8FFE7FFE700200A9044F202
:1033E0007C60C2F200000268B2F87C100131A2F8E1
:1033F0007C100268B2F87E100131A2F87E100068DD
:10340000B0F87C0050280CDBFFE744F27C61C2F28C
:1034100000010A680020A2F87C000968A1F87E007B
:10342000FFE7BAE580B588B00790002006900590C8
:10343000079810304FF0FF31FEF746FD07980069FE
:10344000012812D1FFE70798416840694860079852
:10345000416840690860079908684968C07A08812E
:10346000079841680020887277E007980069032870
:103470000AD3FFE707984168836818685A689B6811
:103480008B604A600860FFE70799486889680068B0
:1034900048600798816840690860079908688968EA
:1034A000C07A08810798816808684968FCF79BFF23
:1034B000059005980021FDF794F9C8B9FFE7059834
:1034C000FDF701FA039021F000400490079800688E
:1034D0004068FDF7F8F9024603980B460499FDF79A
:1034E000B8F928B9FFE7079881680120887224E0BD
:1034F00005980021FDF791F9C8B9FFE70598FDF798
:10350000E2F9019021F000400290079800684068BD
:10351000FDF7D9F9024601980B460299FDF799F992
:1035200028B9FFE7079881680220887204E00798AD
:10353000816800208872FFE7FFE707980069032889
:1035400005D3FFE7079800F00BF8069004E0079812
:10355000806800680690FFE7FFE7069808B080BD26
:1035600080B58AB00990002008900790099881687A
:1035700008684968FCF737FF079009980068007BE6
:10358000002874D1FFE7099841688068807A897AB9
:10359000884241D1FFE709980C30FF21FEF794FCE7
:1035A0000798FDF790F9059021F0004006900998E2
:1035B00000680068FDF787F9024605980B460699F2
:1035C000FDF747F930B9FFE709980C30FF21FEF706
:1035D0007BFCFFE70999087B0968097A88421ADBB6
:1035E000FFE709990A68486889680089527A104497
:1035F00008810998016880680089897A884206DB19
:10360000FFE7099908688968807A0881FFE70999C6
:1036100000200873FFE708E0099900200873099962
:1036200008688968C07A0881FFE709988068807A0D
:10363000B8B1FFE709988068416804910799039140
:103640000089FDF721F901460398FCF7D2FE4FF0FF
:103650006E51FCF7CEFE01460498FCF772FE08900E
:1036600004E00998806840680890FFE722E0099824
:103670008068807AC0B1FFE709990868896849685D
:10368000029107990191C07AFDF7FEF80146019871
:10369000FCF7AFFE4FF06E51FCF7ABFE014602980F
:1036A000FCF74FFE089004E0099880684068089095
:1036B000FFE7FFE7089809998968086008980AB049
:1036C00080BD000080B584B069460520C860012037
:1036D00088604FF40070486040F25030C2F2000041
:1036E000086040F2C820C2F2000049F67B61C0F6D3
:1036F000000143F20572C0F60002002303F03EF819
:1037000004B080BD80B582B0019000F0B3FD01200F
:1037100000F062FDFFE700F07BFD642003F05AF843
:10372000F9E7000080B540F2C820C2F2000003F0C3
:10373000B5F880BD80B58AB049F65130C0F60000BA
:1037400001F08EFE00200990FFE70998092833DC7C
:10375000FFE70999069140F26000C2F2000000EB19
:10376000C102049250F83100FDF7ADF8024604980A
:10377000079205914068FDF7A6F8059B069A8446D6
:1037800007988E466946C1F80CE0C1F808C04B6046
:10379000086040F25060C2F20000089049F695417E
:1037A000C0F6000104F006FB089801F059FEFFE79F
:1037B000099801300990C8E70AB080BD80B586B08D
:1037C00040F26001C2F20001086D496D0291FDF7FF
:1037D0007AF80246029803920491FDF774F8039A6E
:1037E000049B8C466946C1F804C0086040F25060F2
:1037F000C2F20000059049F67241C0F6000104F0E3
:10380000D9FA059801F02CFE06B080BD80B584B0D1
:1038100049F63430C0F6000001F022FE40F250605C
:10382000C2F2000001904FF48071FCF72DFD49F6C3
:103830006730C0F600000290012101F011FE40F255
:103840008050C2F2000003900068FDF73CF8024689
:1038500001980B4649F6B341C0F6000104F0AAFAFC
:10386000019801F0FDFD0298022101F0F9FD039895
:103870004068FDF728F8024601980B4649F6D44106
:10388000C0F6000104F096FA019801F0E9FD0298F3
:10389000032101F0E5FD0398017A49F6C430C0F632
:1038A000000001F0DDFD0298042101F0D9FD03982C
:1038B000417A49F67830C0F6000001F0D1FD029857
:1038C000052101F0CDFD0398817A49F6E630C0F676
:1038D000000001F0C5FD0298062101F0C1FD03982A
:1038E000C17A49F69E30C0F6000001F0B9FD029899
:1038F000072101F0B5FD0398017B49F60C40C0F6A5
:10390000000001F0ADFD49F68C50C0F6000001F05A
:10391000A7FD04B080BD000080B586B044F2AC6065
:10392000C2F200000068FCF7CEFF0390049144F25D
:10393000B060C2F200000068FCF7C5FF039A049B68
:103940008C466946C1F804C0086040F25060C2F27B
:103950000000059049F61B61C0F6000104F02AFA48
:10396000059801F07DFD06B080BD000080B584B0F3
:10397000102000900121FDF713FE00984FF4005134
:103980000291ADF80C108DF80F0003208DF80E0099
:1039900041F20000C4F20100019003A9FDF7A8FC68
:1039A00001980299FDF78CFD04B080BD80B54EF6FC
:1039B0002C50CEF2000000688007002807D5FFE7F2
:1039C00049F62D00C0F6000001F04AFDFFE74EF673
:1039D0002C50CEF200000068400000281FD5FFE701
:1039E0004EF62950CEF20000007818B1FFE7FEF73E
:1039F000B9FFFFE74EF62850CEF20000007818B16C
:103A0000FFE700F0B3FDFFE74EF62A50CEF20000CC
:103A1000008818B1FFE703F089FFFFE7FFE74EF6E4
:103A20002C50CEF200000068C00F38B1FFE749F615
:103A30004200C0F6000001F013FDFFE780BD00006A
:103A400080B549F66560C0F6000001F009FD80BD53
:103A500080B586B005908DF81310039202939DF8FF
:103A6000130001F0CBFF0190019804300090009802
:103A7000059908609DF81300059908720398059947
:103A8000486002980599C86005990020086106B051
:103A900080BD000080B58AB0089007910020069094
:103AA000079908610798C06820B1FFE70798007A76
:103AB00018B9FFE70020099050E0079800680390CC
:103AC000089828B9FFE7039804900120069002E0C7
:103AD00008980490FFE7FCF725FB0590069898B935
:103AE000FFE70498143800900098007C00F07F00F5
:103AF0000799097A884206D0FFE70598FCF716FB7C
:103B0000002009902AE0FFE7002001900798406814
:103B10000290FFE704980068049004980399884293
:103B200003D1FFE7002004900FE0019801300190DD
:103B3000049802990A1D0292086001980799C968C1
:103B4000884201D1FFE700E0E4E70598FCF7EEFAD0
:103B500001980799086104980990FFE709980AB04D
:103B600080BD000080B5A0B0002011904AF29110F5
:103B7000C0F600000F901AA8052112AA0823FFF72B
:103B800067FF1020109010990F9A49F69670C0F6B2
:103B9000000001F065FC109800F062FF49F60D701E
:103BA000C0F6000001F05CFCFFE711981AA9FFF7CE
:103BB00071FF119000200E90FFE70E981E99884229
:103BC0006EDAFFE70E9912A850F8210014380D9014
:103BD000FCF7A8FA1F900D98007C00F07F009DF87C
:103BE0007010884204D0FFE71F98FCF79FFA53E05B
:103BF0001F98FCF79BFA0D980C900C981C3001F064
:103C00000DFD48BBFFE7109809900C980A90418D74
:103C10000B91018D08911C3001F00AFDDDF820C0E8
:103C200009990A9B86460B986A46C2F808E0C2F8D2
:103C300004C010604AF24810C0F60000102201F0E3
:103C40000FFC0C981C3003F0F7FD4AF2DB00C0F6C5
:103C5000000001F005FC1EE0109805900C980690FD
:103C6000418D0791018D04911C3001F0E1FCDDF8DC
:103C700010C00599069B864607986A46C2F808E078
:103C8000C2F804C0106049F66670C0F60000102249
:103C900001F0E6FBFFE7FFE70E9801300E908CE79E
:103CA000FFE7119800287FF480AFFFE7002020B0E5
:103CB00080BD000080B59CB000200D904AF26F10CE
:103CC000C0F600000B9016A802210EAA0823FFF7E9
:103CD000BFFE10200C900C990B9A49F67C70C0F630
:103CE000000001F0BDFB0C9800F0BAFE49F6F86048
:103CF000C0F6000001F0B4FBFFE70D9816A9FFF72E
:103D0000C9FE0D9000200A90FFE70A981A99884290
:103D100062DAFFE70A990EA850F8210014380990DA
:103D2000FCF700FA1B900998007C00F07F009DF8DA
:103D30006010884204D0FFE71B98FCF7F7F947E0D2
:103D40001B98FCF7F3F90998089008981C3001F0CB
:103D500065FC18BBFFE70C98059008980690818CCD
:103D600007911C3001F064FC0599069B8446079876
:103D70006A46C2F804C010604AF23810C0F600006B
:103D8000102201F06DFB08981C3003F055FD4AF23B
:103D9000DB00C0F6000001F063FB18E00C98029015
:103DA00008980390818C04911C3001F041FC029929
:103DB000039B844604986A46C2F804C0106049F622
:103DC0005670C0F60000102201F04AFBFFE7FFE743
:103DD0000A9801300A9098E7FFE70D9800287FF4D1
:103DE0008CAFFFE700201CB080BD000080B5BEB0E6
:103DF00000202F9049F68660C0F600002E9038A86B
:103E0000012130AA0823FFF723FE10202D902D99C1
:103E10002E9A49F6E870C0F6000001F021FB2D98BB
:103E200000F01EFE49F68D60C0F6000001F018FBA0
:103E3000FFE72F9838A9FFF72DFE2F9000202C9038
:103E4000FFE72C983C99884280F2B280FFE72C99DA
:103E500030A850F8210014382B90FCF763F93D90FE
:103E60002B98007C00F07F009DF8E810884204D079
:103E7000FFE73D98FCF75AF996E02B9909A88822AC
:103E800001F054FC3D98FCF751F92B9808902D99BE
:103E9000089B93F83D006A4610604AF20510C0F690
:103EA0000000102201F0DCFA089890F83C0000F0C5
:103EB00007008DF81F009DF81F00012807D1FFE7BC
:103EC0004AF2FC00C0F6000001F0CAFA32E09DF8A8
:103ED0001F00022807D1FFE74AF26610C0F6000073
:103EE00001F0BEFA25E09DF81F0038B9FFE74AF25D
:103EF000EA00C0F6000001F0B3FA19E09DF81F00D7
:103F0000042807D1FFE74AF2F300C0F6000001F0F1
:103F1000A7FA0CE09DF81F00032807D1FFE74AF23B
:103F20007910C0F6000001F09BFAFFE7FFE7FFE71A
:103F3000FFE7FFE70898006B0690FFE70698007818
:103F4000232804D1FFE7069801300690F6E7089988
:103F5000D1F824C00A6B4B6B0393886BA2EB0C0C5B
:103F60009C44CDF808C0DDF818C0A2EB0C021A443E
:103F70004FF0640C02FB0CF2B2FBF3F20492896C7A
:103F8000059102F063FA0299039A049B864605980C
:103F9000EC46CCF804E0CCF800004AF22C00C0F665
:103FA000000001F05DFAFFE72C9801302C9048E703
:103FB000FFE72F9800287FF43CAFFFE700203EB0DA
:103FC00080BD000080B596B0002007904AF28610B0
:103FD000C0F60000059010A80A2108AA0823FFF7E0
:103FE00037FD102006900699059A49F6B770C0F67D
:103FF000000001F035FA069800F032FD49F6CA607B
:10400000C0F6000001F02CFAFFE7079810A9FFF7AF
:1040100041FD079000200490FFE70498149988421E
:1040200057DAFFE7049908A850F8210014380390E4
:10403000FCF778F815900398007C00F07F009DF85D
:104040004810884204D0FFE71598FCF76FF83CE071
:104050001598FCF76BF8039802900699029BD86AB2
:10406000D3F830C06A46C2F804C010604AF21E108D
:10407000C0F60000102201F0F3F90298407CC0075E
:1040800038B1FFE74AF2DD00C0F6000001F0E8F9C0
:1040900006E04AF21110C0F6000001F0E1F9FFE776
:1040A0000298407C8007002807D5FFE749F64C704E
:1040B000C0F6000001F0D4F906E04AF2BE00C0F6F6
:1040C000000001F0CDF9FFE7FFE70498013004900C
:1040D000A3E7FFE70798002897D1FFE702F05AFC13
:1040E00001464AF2C800C0F6000001F0B9F900200C
:1040F00016B080BD80B586B000200590FFF736FC75
:10410000FFF7E0FAFFF70EFBFFE740F25070C2F254
:104110000000007801283ED1FFE740F29450C2F23F
:1041200000000068FCF7CFFB02460B4640F25060EF
:10413000C2F20000049049F69151C0F6000103F06C
:1041400039FE049801F08CF940F29850C2F2000058
:104150000068FCF7B8FB024604980B4649F6BF51CD
:10416000C0F6000103F026FE049801F079F940F250
:104170009050C2F200000068FCF7A5FB02460498CC
:104180000B4649F6ED51C0F6000103F013FE04980A
:1041900001F066F9FFE741F20000C4F2010002906D
:1041A0004FF400510191FDF78BF94FF4FA70039031
:1041B00002F010FB01990298FDF778F9039802F0DC
:1041C00009FBA2E780B582B0019000F0F9FEFFF78D
:1041D00091FF02B080BD000080B582B08DF807006D
:1041E0009DF8071040F24010C2F2000080F87910EC
:1041F000002180F878107821FCF746F802F0CAFB1D
:1042000040F2BC11C2F20001086002B080BD0000A3
:1042100080B540F26000C2F2000000F057F840F2B2
:104220004010C2F2000090F8790008B3FFE702F0F6
:10423000B1FB40F2BC11C2F200010968401AB0F5AE
:104240007A7F14D3FFE740F26000C2F20000816F72
:10425000603040F24012C2F2000200F05DF902F05C
:1042600099FB40F2BC11C2F200010860FFE7FFE7D2
:1042700080BD000080B503F05FFC40F28052C2F2C6
:1042800000024DF20A70C3F62340106041F26F2025
:10429000C3F6832050600120107232205072FF203C
:1042A00090720020D072107340F25051C2F200019F
:1042B0000A6040F27452C2F200024A6040F2685250
:1042C000C2F200028A60086180BD000080B592B031
:1042D0001190002010900F900E900D900C900B906C
:1042E0000A90119808B9FFE713E110A80FA903F08D
:1042F0002BFC08B1FFE70CE11098119988650F9825
:104300001199C865109940F22460C2F20000037848
:1043100040F22862C2F2000242F823100F9903789B
:1043200040F23C62C2F2000242F8231001780131EF
:1043300001701099119A91670F99119AD1670078BD
:10434000052818DBFFE740F22860C2F20000011DDB
:1043500014220992FBF771FF099A40F23C60C2F205
:104360000000011DFBF769FF40F22461C2F2000169
:1043700005200870FFE711980890016E806FFCF728
:1043800032F8089948661198406E0021FCF737FA18
:1043900028B9FFE71199002081F8800004E0119905
:1043A000012081F88000FFE71198406EFCF78BFA3E
:1043B00021F00041FCF79AFA0E900E9940F250500D
:1043C000C2F200004161FFF72DF80D901198C06F07
:1043D000FCF779FA4FF06632019241F26623C4F29B
:1043E0007103FCF776F8019A45F26623C4F2720372
:1043F000FCF788F9FCF77AFA04F032FF0B904FF0E3
:104400007E500C900D990846FBF79BFFFCF75BFA7A
:104410004AF2E352CCF29B4206924BF22003C3F6DF
:10442000F4730793FCF76EF9FCF760FA04F018FFD9
:104430000C99FBF7DEFF0B99FBF7DBFF0A900A985C
:104440000021C4F2C8210291FBF7D3FF11998866BD
:10445000119800F16C03826E0A210491FEF700FBB3
:10446000119901F1500001F17002C96EFEF7F4FBE1
:10447000029911980390006FFBF7EDFF03994867CD
:104480000E98FCF720FA024621F000431046194628
:10449000FCF71FF8069A079BFCF734F9FCF726FA9D
:1044A00004F0DEFE0C99FBF7A4FF0B99FBF7A1FFCC
:1044B000049940F29853C2F20003059318601198D2
:1044C0001A68FEF7CDFA059A119850301168FEF778
:1044D000C3FB1198406F40F29451C2F20001086092
:1044E0001198806FFCF7EFF9024621F00043104667
:1044F0001946FBF7EEFF069A079BFCF703F9FCF75A
:10450000F5F904F0ADFE40F29051C2F200010860EE
:10451000FFE712B080BD000080B584B00390029127
:1045200001920298019991F8782041F822000199AE
:1045300091F87800013081F87800019890F87800BF
:104540001E2811DBFFE7019890F87810FEF7BEF9FE
:10455000019864300421FEF71FF80399086001995F
:10456000002081F87900FFE704B080BD80B582B0FB
:1045700049F2E070C0F6000000F072FF4EF62850DD
:10458000CEF200000190017849F6AC10C0F60000B0
:1045900000F066FF01980078C00738B1FFE749F6E0
:1045A0004510C0F6000000F05BFFFFE74EF6285014
:1045B000CEF2000000788007002807D5FFE749F613
:1045C0003B10C0F6000000F04BFFFFE74EF628500E
:1045D000CEF2000000780007002807D5FFE749F673
:1045E0006910C0F6000000F03BFFFFE74EF62850D0
:1045F000CEF200000078C006002807D5FFE749F694
:104600006010C0F6000000F02BFFFFE74EF62850C8
:10461000CEF200000078000600280CD5FFE74EF629
:104620003450CEF20000016849F61D00C0F60000CB
:1046300000F016FF06E04AF2DB00C0F6000000F0D2
:104640000FFFFFE702B080BD80B588B00790002063
:10465000059004900798007828B9FFE700210846E4
:1046600000F0E4F84DE040F23010C2F200000068C3
:104670000290FFE7029840F23411C2F2000109688B
:10468000884234D2FFE702980068039007980190AF
:1046900003990091FBF71BFE009902460198FBF776
:1046A00034FEF8B9FFE7059838B9FFE7039804909E
:1046B0000498FBF70CFE0590FFE70498039903F0BC
:1046C00003F9069006980599884203DAFFE70698F1
:1046D0000590FFE703994AF24E00C0F6000000F093
:1046E000BFFEFFE7FFE702980C300290C2E7049894
:1046F00030B1FFE707980499059A01F0DDFEFFE766
:10470000FFE708B080BD000080B588B00690059135
:10471000FFE705990020029091B1FFE70698017824
:1047200001202029019008D0FFE706980078093879
:10473000B0FA80F040090190FFE701980290FFE78E
:104740000298C00738B1FFE7069801300690059837
:1047500001380590DDE7059818B9FFE700200790BC
:1047600030E00698059904AAFDF7BCFD18B9FFE7EB
:104770000498079026E006980390FFE703980178D5
:1047800000202029009007D0FFE703980078002838
:1047900018BF01200090FFE70098C00720B1FFE795
:1047A000039801300390E9E7039900200870069907
:1047B0004AF29910C0F6000000F052FE4FF0FF30B0
:1047C0000790FFE7079808B080BD000080B584B06F
:1047D000039002910020009040F23010C2F20000DD
:1047E00000680190FFE7019840F23411C2F2000125
:1047F0000968884217D2FFE7019800680399029A76
:10480000FBF783FD50B9FFE7019800680299405C0F
:1048100020B9FFE701988068009004E0FFE7019865
:104820000C300190DFE7009804B080BD80B584B003
:10483000039002914AF2CF10C0F6000000F010FE83
:1048400040F23010C2F2000000680190FFE70198CA
:1048500040F23411C2F20001096888420ED2FFE72B
:104860000198016842684AF2EA10C0F6000000F0C0
:10487000F7FDFFE701980C300190E8E74AF2DB0012
:10488000C0F6000000F0ECFD002004B080BD000088
:1048900080B58AB009900891079209980690002087
:1048A00005900490FFE705980899884280F0D4802D
:1048B000FFE7FFE706980078202807D0FFE7069873
:1048C000017800200929029008D1FFE70599089A8C
:1048D0000020914238BF01200290FFE70298C007F4
:1048E00050B1FFE706990020087006980130069045
:1048F000059801300590DDE70498082824D3FFE7E8
:104900004AF2B110C0F6000000F0AAFD00200390AA
:10491000FFE70398049988420FD2FFE707980399AD
:1049200050F821104AF2F610C0F6000000F098FD91
:10493000FFE7039801300390EBE74AF2DB00C0F693
:10494000000000F08DFD87E005980899884201D3AA
:10495000FFE781E00698007822284BD1FFE7069810
:104960000130069005980130059006980799049A41
:1049700041F82200049801300490FFE7069801787E
:1049800000202229019008D0FFE70599089A00200D
:10499000914238BF01200190FFE70198C007C8B1DC
:1049A000FFE7069800785C280DD1FFE7069840786D
:1049B000222807D1FFE706980130069005980130BC
:1049C0000590FFE7FFE70698013006900598013053
:1049D0000590D3E705980899884201D3FFE73BE0AB
:1049E000069900200870069801300690059801305D
:1049F000059030E006980799049A41F8220004983F
:104A000001300490FFE706980178002020290090EB
:104A10000FD0FFE70698017800200929009008D000
:104A2000FFE70599089A0020914238BF01200090C5
:104A3000FFE70098C00738B1FFE7069801300690FD
:104A4000059801300590DEE705980899884201D362
:104A5000FFE701E0FFE726E704980AB080BD000009
:104A600080B582B00190FFE70198411E019138B1F5
:104A7000FFE74AF23410C0F6000000F0F1FCF3E763
:104A800002B080BD84B0039002910398006B02993C
:104A900049680844019002980199884225D0FFE7AF
:104AA00001980078C00700BBFFE701980399496BA4
:104AB00088421AD0FFE70398806B0199884204D19D
:104AC000FFE7029803998863FFE7019900200860D7
:104AD000019840680299486002980399096B401A4E
:104AE000019A526811448860FFE70398006B0299AD
:104AF0008968084400900098029988421FD0FFE717
:104B000000980078C007D0B9FFE70398806B02993E
:104B1000884204D1FFE7009803998863FFE7029970
:104B20000020086002984068009948600098039946
:104B3000096B401A029A526811448860FFE704B07A
:104B40007047000080B590B0DDF850C0DDF84CC073
:104B5000DDF848C00F900E910D920C9313980690BB
:104B6000129803901498420649F27A71C0F6000137
:104B700049F28B70C0F60000002A48BF0846059035
:104B80009DF85000C006002805D5FFE7149820F0D6
:104B900001001490FFE71498C1072020002918BFD6
:104BA00030208DF82F0000208DF82E009DF8500049
:104BB0008007002823D5FFE70D98B0F1FF3F07DC01
:104BC000FFE72D208DF82E000D9840420D9015E046
:104BD0009DF850004007002804D5FFE72B208DF8F2
:104BE0002E000AE09DF850000007002804D5FFE7DA
:104BF00020208DF82E00FFE7FFE7FFE7FFE700200A
:104C000004900D9840B9FFE7049A501C04900DF1F0
:104C10001E013020885414E0FFE70D9880B1FFE7B3
:104C2000059802900C990DA8FEF7AEF8014602987F
:104C3000405C049A511C04910DF11E018854ECE76C
:104C4000FFE704981399884203DDFFE70498139067
:104C5000FFE713990398401A03909DF8500010F055
:104C6000110F21D1FFE79DF82E0040B1FFE7039817
:104C7000012804DBFFE7039801380390FFE7FFE713
:104C80000398411E039101280DDBFFE70F980E9951
:104C9000884204D2FFE70F9920200870FFE70F98A1
:104CA00001300F90ECE7FFE79DF82E0088B1FFE799
:104CB0000F980E99884205D2FFE79DF82E000F99B4
:104CC0000870FFE70398013803900F9801300F90A8
:104CD000FFE79DF85000C006002816D4FFE7FFE765
:104CE0000398411E039101280EDBFFE70F980E99F0
:104CF000884205D2FFE79DF82F000F990870FFE763
:104D00000F9801300F90EBE7FFE7FFE70498139946
:104D10004A1E139288420DDAFFE70F980E998842D7
:104D200004D2FFE70F9930200870FFE70F98013099
:104D30000F90EBE7FFE70499481E0490002001293B
:104D4000019006DBFFE70698002818BF01200190BC
:104D5000FFE70198C00780B1FFE70F980E998842DE
:104D600007D2FFE704990DF11E00405C0F9908700F
:104D7000FFE70F9801300F90DDE7FFE70398411E32
:104D8000039101280DDBFFE70F980E99884204D2AA
:104D9000FFE70F9920200870FFE70F9801300F9070
:104DA000ECE70F9810B080BD80B540F25071C2F2B0
:104DB00000010120087049F65540C0F6000000F0DF
:104DC0004FFB80BD80B540F25071C2F2000100205F
:104DD000087049F63940C0F6000000F041FB80BD84
:104DE00080B594B000201390FFE7139808281FDCCB
:104DF000FFE713980E9032210F914843FBF744FDD3
:104E00000E9B0F9940F26002C2F20002119242F82A
:104E10003300139810904843FBF736FD109A119910
:104E200001EBC2014860FFE7139801301390DCE703
:104E300040F26001C2F200010020C4F2FA3088643E
:104E4000C8644FF07E50086500200D90486549F613
:104E50005130C0F6000000F003FB0D981290FFE700
:104E60001298092833DCFFE712990A9140F260009A
:104E7000C2F2000000EBC102089250F83100FBF7CB
:104E800022FD024608980B9209914068FBF71BFD32
:104E9000099B0A9A84460B988E466946C1F80CE035
:104EA000C1F808C04B60086040F25060C2F20000D8
:104EB0000C9049F69541C0F6000102F07BFF0C987A
:104EC00000F0CEFAFFE7129801301290C8E749F6D9
:104ED0008C50C0F6000000F0C3FA40F26001C2F24C
:104EE0000001086D496D0491FBF7EDFC0246049842
:104EF00005920691FBF7E7FC059A069B8C466946EE
:104F0000C1F804C0086040F25060C2F2000007908F
:104F100049F67241C0F6000102F04CFF079800F01C
:104F20009FFA14B080BD000080B584B0694614209B
:104F300048600A20086049F6D810C0F6000044F224
:104F4000C511C0F6000100224FF4007301F05AFBB6
:104F50000390039801F0A2FC04B080BD80B584B03A
:104F60000390029103980299484300F0C9FB019015
:104F7000019840B1FFE701980399029A4A43002142
:104F800000F080FCFFE7019804B080BD80B582B0DE
:104F90004AF23C20C0F600000190FFE701984AF277
:104FA0004021C0F60001884208D2FFE7019800685E
:104FB0008047FFE7019804300190EFE702B080BD21
:104FC00080B582B04AF24020C0F600000190FFE7B1
:104FD00001984AF24821C0F60001884208D2FFE752
:104FE000019800688047FFE7019804300190EFE7DF
:104FF00002B080BD80B584B0FFE701F043FB0390B1
:10500000039808B9FFE722E00398D0F880000190E8
:10501000039800F05DFD02900298012804D1FFE79B
:10502000039800F0D9FCFFE7019820B1FFE7019950
:1050300003988847FFE7029840B9FFE70398006BA1
:1050400000F046F8039800F0B1FCFFE7D5E704B0A4
:1050500080BD000080B582B0FBF764F8019044F297
:105060006841C2F200010888013008800198FBF70E
:105070005DF802B080BD000080B582B0FBF752F849
:10508000019044F26840C2F20000018801390180B9
:10509000B0F90000002814DCFFE744F26841C2F2D6
:1050A0000001002008800198FBF740F840F254709E
:1050B000C2F20000006818B1FFE700F013FEFFE73E
:1050C00003E00198FBF732F8FFE702B080BD000073
:1050D00080B582B00190019808B9FFE709E0FCF7BC
:1050E00039FF0090019801F0EBF80098FCF73AFFC7
:1050F000FFE702B080BD000040F25C70C2F2000029
:105100007047000040F25C70C2F2000000F5705081
:105110007047000080B582B0FCF7B4FB40F2040099
:10512000C2F20000006844F6D351C1F26201A0FB54
:1051300001108009FCF75EFEFFF728FFFFF7DCFF98
:105140000190FFF7DFFF0146019801F0E3F902F05B
:10515000E7FB02B080BD000080B582B000208DF872
:105160000700FFE744F2C460C2F200000DF107013E
:1051700000F002FD012809D0FFE744F28060C2F28E
:1051800000004FF0FF3100F03DFFEBE79DF8070016
:1051900002B080BD80B584B00390002000900290E2
:1051A0000190FFF757FF039801F072F9014600984C
:1051B00001910290FFE702980199884233D2FFE7FC
:1051C00003980299405C0A2813D1FFE743F60000D8
:1051D000C4F201000D21FCF7EBFDFFE743F60000F0
:1051E000C4F201008021FCF771FC08B9FFE7F5E784
:1051F000FFE70398411C0391017843F60000C4F2D5
:105200000100FCF7D5FDFFE743F60000C4F2010002
:105210008021FCF75BFC08B9FFE7F5E7FFE70298A0
:1052200001300290C7E7FFF727FF04B080BD000000
:1052300080B584B0039003980430029040F2587017
:10524000C2F20000006870B1FFE740F25870C2F28D
:1052500000000168039888470190019810B9FFE7A2
:1052600004B080BDFFE70298C16B49F61210C0F68A
:10527000000000F0F5F80298016A49F64F00C0F608
:10528000000000F0EDF80298416A49F66900C0F6A6
:10529000000000F0E5F80298816A49F68300C0F644
:1052A000000000F0DDF80298C16A49F69D00C0F6E2
:1052B000000000F0D5F80298016849F6AA00C0F68F
:1052C000000000F0CDF80298416849F6B700C0F63A
:1052D000000000F0C5F80298816849F6C400C0F6E5
:1052E000000000F0BDF80298C16849F6D100C0F690
:1052F000000000F0B5F80298016949F6DE00C0F63A
:10530000000000F0ADF80298416949F6EB00C0F6E4
:10531000000000F0A5F80298816949F65C00C0F62B
:10532000000000F09DF80298C16949F67600C0F6C9
:10533000000000F095F80298016B49F69000C0F665
:10534000000000F08DF80298416B49F60510C0F698
:10535000000000F085F80298816B49F6F800C0F66D
:10536000000000F07DF803980078400700280AD577
:10537000FFE701F061FA014649F2B670C0F600009D
:1053800000F06EF806E049F29C70C0F6000000F0F4
:1053900067F8FFE7FEF70AFBFFE7FEE787B0069036
:1053A000059104920393049804300190019820F031
:1053B0000700019001984038019001980290002068
:1053C0000090FFE700980F280DD8FFE70299009A98
:1053D0004BF6EF60CDF6AD6041F82200FFE7009894
:1053E00001300090EEE705980299086202990020CA
:1053F0004862029988620299C86202990863039818
:105400000299486306980299886302994FF0807068
:10541000C863019807B0704780B582B0FAF782FE82
:10542000019044F26031C2F2000108780130087046
:105430000198FAF77BFE02B080BD000080B582B013
:10544000FAF770FE019044F26031C2F20001087870
:10545000013808700198FAF769FE02B080BD0000BB
:1054600083B080B583B0079306920591029005A89A
:105470000190029A019B44F26830C2F20000FF21C1
:1054800001F074FC00900098B0F5807F03D3FFE733
:10549000FF200090FFE744F26830C2F20000FFF7FF
:1054A00079FE009803B0BDE8804003B0704700006B
:1054B00081B00090009840600099086001B070478A
:1054C00081B00090009840600099086001B070477A
:1054D00081B00090009840600099086001B070476A
:1054E00081B00090009840600099086001B070475A
:1054F00082B0019000910098019909684860019874
:105500000068009908600098019908600198009966
:10551000486002B07047000082B00190009100988E
:10552000019909684860019800680099086000982E
:105530000199086001980099486002B07047000026
:1055400082B0019000910098019909684860019823
:105550000068009908600098019908600198009916
:10556000486002B07047000082B00190009100983E
:1055700001990968486001980068009908600098DE
:105580000199086001980099486002B070470000D6
:1055900082B00190009100980199496808600198D3
:1055A0004068009948600098019948600198009906
:1055B000086002B07047000082B00190009100982E
:1055C000019949680860019840680099486000980E
:1055D0000199486001980099086002B07047000086
:1055E00081B0009000990868401AB0FA80F0400934
:1055F00001B0704781B0009000990868401AB0FA75
:1056000080F0400901B0704781B0009000990868AF
:10561000401AB0FA80F0400901B0704781B00090A4
:1056200000990868401AB0FA80F0400901B070474C
:1056300083B002900020019002980090FFE700984C
:1056400000680299884207D0FFE700980068009040
:10565000019801300190F2E7019803B07047000013
:1056600081B000900098016840684860009908681F
:1056700049680860009840600099086001B0704770
:1056800081B00090009801684068486000990868FF
:1056900049680860009840600099086001B0704750
:1056A00081B00090009801684068486000990868DF
:1056B00049680860009840600099086001B0704730
:1056C00081B00090009801684068486000990868BF
:1056D00049680860009840600099086001B0704710
:1056E00081B000900098016840684860009908689F
:1056F00049680860009840600099086001B07047F0
:1057000080B584B00390FCF725FC029044F2A860B9
:10571000C2F200000068039900F0EEFC01900298CC
:10572000FCF720FC019804B080BD000088B0079011
:1057300006910592079804900698039005980090AA
:10574000009810284AD3FFE703980499084380077C
:10575000002843D1FFE70498029003980190FFE7E7
:105760000098102824D3FFE70198011D01910068DB
:1057700002990A1D029208600198011D01910068BA
:1057800002990A1D029208600198011D01910068AA
:1057900002990A1D029208600198011D019100689A
:1057A00002990A1D02920860009810380090D7E70D
:1057B000FFE7009804280CD3FFE70198011D019131
:1057C000006802990A1D029208600098043800904F
:1057D000EFE70298049001980390FFE7FFE7009835
:1057E000411E009148B1FFE70398411C03910078E6
:1057F00004994A1C04920870F1E7079808B07047B2
:1058000085B004900391029204980190039800904F
:1058100000980199884221D2FFE701980099029AE5
:10582000114488421AD2FFE7029901980844019076
:105830000299009808440090FFE70298411E0291E7
:1058400058B1FFE70098411E009110F8010C019932
:105850004A1E019201F8010CEFE70FE0FFE7029802
:10586000411E029148B1FFE70098411C0091007869
:1058700001994A1C01920870F1E7FFE7049805B00E
:105880007047000088B00790069105920798039032
:105890009DF818000090059804283DD3FFE79DF877
:1058A0001C008007C0BBFFE707980190009840EA02
:1058B00000200290029840EA00400290FFE705981D
:1058C000102818D3FFE7029801990A1D0192086079
:1058D000029801990A1D01920860029801990A1D17
:1058E00001920860029801990A1D019208600598CA
:1058F00010380590E3E7FFE70598042809D3FFE790
:10590000029801990A1D01920860059804380590D3
:10591000F2E701980390FFE7FFE70598411E059124
:1059200030B1FFE7009803994A1C03920870F4E72E
:10593000079808B07047000080B588B08DF81B004C
:1059400005919DF81B0000F059F802900298C0687C
:10595000FFF7D6FE0490049818B9FFE700200790DF
:1059600021E004980299CA6800210191FFF78AFF9B
:1059700001989DF81B10049A1174049948740498B6
:105980000599102200F098FDFAF7CCFB03900298DD
:10599000043004991431FFF7BFFD0398FAF7C6FBF2
:1059A00004980790FFE7079808B080BD80B582B0E3
:1059B0000190019900200874FAF7B4FB0090019857
:1059C0001430FFF75DFE0098FAF7B0FB0198FFF77F
:1059D0007FFB02B080BD000080B582B001900199CC
:1059E00000200874FAF79EFB009001981430FFF72E
:1059F00047FE0098FAF79AFB02B080BD83B08DF89D
:105A0000070000200090FFE7009804281ADCFFE759
:105A10000098010140F20800C2F20000405C9DF8CD
:105A20000710884209D1FFE7009940F20800C2F24E
:105A3000000000EB0110029007E0FFE70098013042
:105A40000090E1E700200290FFE7029803B0704762
:105A500080B588B007908DF81B1005920020039048
:105A60009DF81B00FFF7CAFF0290FFF7F3FA0298B8
:105A700040680390FFE703980299043188420CD0F4
:105A8000FFE7039814380190019808B1FFE7FFE79A
:105A9000FFE7039800680390EDE7FFF7EDFA9DF844
:105AA0001B0040F0800007990874079805991022A0
:105AB00000F002FDFAF736FB0490029804300799D3
:105AC0001431FFF729FD0498FAF730FB08B080BDC8
:105AD00082B000900098007C0006002803D5FFE704
:105AE0000120019002E000200190FFE7019802B040
:105AF0007047000080B5FFF78FFC00F051FFFFF703
:105B00009DFC80BD80B584B00290029800F0C6F87C
:105B10000146019140B1FFE70198012807D0FFE756
:105B20000198022808D008E00020039020E00298A5
:105B3000B0F9080003901BE0FFE70299C88840080D
:105B40008988B0EB510F08DDFFE70299C88840084B
:105B50008988A0EB510003900AE00299B1F908008E
:105B60008A88C9884908A1EB520108440390FFE7DD
:105B7000039804B080BD000080B584B0029001910C
:105B80000298FFF7BFFF18B9FFE70020039023E05A
:105B90000299086889884908405C01990870029850
:105BA0008188B0F908000138B0EB510F0CD1FFE744
:105BB00002998888C24362F300008880029988882D
:105BC00000F00100888004E0029988880230888013
:105BD000FFE701200390FFE7039804B080BD0000B9
:105BE00083B002900191ADF802200299888800F0FC
:105BF000010088800299888820F00100888002993D
:105C0000C88800F00100C8800299C88820F001000F
:105C1000C880019802990860BDF8020020F00300D6
:105C20000299088103B0704780B584B002908DF866
:105C300007100298B0F908100091FFF763FF0146C2
:105C40000098401A18B9FFE70020039023E09DF860
:105C50000700029A1168D288520888540298C188B5
:105C6000B0F908000138B0EB510F0CD1FFE70299F1
:105C7000C888C24362F30000C8800299C88800F057
:105C80000100C88004E00299C8880230C880FFE79C
:105C900001200390FFE7039804B080BD82B000901C
:105CA000009988884008C988B0EB510F12D1FFE7EE
:105CB0000099888800F00100C98801F0010188423C
:105CC00004D1FFE700208DF8070007E001208DF8E0
:105CD000070003E002208DF80700FFE79DF80700AA
:105CE00002B0704780B586B0FAF71CFA059044F20E
:105CF0006840C2F20000B0F90000002840F0B18016
:105D0000FFE744F26C50C2F200000068002800F087
:105D1000A780FFE70020019002A8FCF73DFB04905C
:105D200040F25470C2F20000006890F83C0000F0AD
:105D3000070003283FD1FFE740F25470C2F2000091
:105D4000006890F83D000299884207D2FFE740F2D0
:105D50005470C2F200000068049020E040F25470D9
:105D6000C2F20000006890F83D000299884212D10A
:105D7000FFE740F25470C2F20000006890F83C0067
:105D80000007002807D4FFE740F25470C2F2000079
:105D90000068049002E001200190FFE7FFE740F275
:105DA0005470C2F20000016891F83C0000F0F70066
:105DB00081F83C00FFE7049840F25471C2F2000100
:105DC0000968884239D0FFE7029840F25171C2F267
:105DD0000001087040F25471C2F20001086803909B
:105DE00004980860019820B1FFE7039800F040F89C
:105DF000FFE7049800F08CF8049991F83C0000F05B
:105E0000F800033081F83C0044F26030C2F2000038
:105E1000007850B9FFE70398243004992431FAF749
:105E200088F90598FAF782F91FE00398243004995D
:105E30002431FAF77EF9FFE711E040F25470C2F224
:105E400000000090006800F063F80098016891F885
:105E50003C0000F0F800033081F83C00FFE7FFE76A
:105E6000FFE70598FAF762F9FFE706B080BD00008A
:105E700080B582B00190FAF755F90090019840F290
:105E80005471C2F200010968884209D1FFE7019903
:105E900091F83C0000F0F800033081F83C0032E05B
:105EA000019991F83C0000F0F800013081F83C00C5
:105EB000019890F83C00000700280DD5FFE70199F4
:105EC00091F83D2044F26C40C2F2000000EBC200A9
:105ED0001C31FFF771FB0CE0019991F83D2044F271
:105EE0006C40C2F2000000EBC2001C31FFF728FB3F
:105EF000FFE70198026C44F26C51C2F2000108689D
:105F000010430860FFE70098FAF710F902B080BD6F
:105F100080B582B00190FAF705F9009001981C3025
:105F2000FFF7BEFB019890F83D1044F26C40C2F2BE
:105F3000000000EBC100FFF75DFB50B1FFE70198E7
:105F4000026C44F26C51C2F2000108689043086090
:105F5000FFE70098FAF7EAF802B080BD80B584B098
:105F60000390029101928DF803300398029A022166
:105F7000FFF76EFD0398FCF7ABF90198039988844D
:105F80009DF8030003994874002004B080BD000010
:105F900080B584B0029000200090FAF7C3F8019019
:105FA00002981C30FFF71CFB38B9FFE702981C3041
:105FB000FCF736F90120009013E00298808C4FF630
:105FC000FE71884205DCFFE70299888C01308884E5
:105FD00006E00198FAF7AAF86FF0020003900DE0CE
:105FE000FFE70198FAF7A2F80098012803D1FFE72C
:105FF000FFF778FEFFE700200390FFE7039804B067
:1060000080BD000080B586B004900391FAF78AF84D
:1060100002900498808C012808DBFFE70499888CA3
:10602000013888840298FAF781F834E0039838B987
:10603000FFE70298FAF77AF86FF0010005902DE07B
:1060400000F0FAFB0190019900208863049A02F1A4
:106050001C000199527CFCF7F1F8039801280BDB36
:10606000FFE701984C30002103AA00F035FD0198AC
:106070004C3000F0ABFDFFE70298FAF757F8FFF756
:1060800031FE0198806B20B1FFE70198806B05908D
:1060900004E0FFE7FFE700200590FFE7059806B062
:1060A00080BD000080B582B049F6E510C0F6000062
:1060B000FFF7D6F949F61820C0F60000FFF7D0F92F
:1060C00049F67020C0F600006946486049F6642031
:1060D000C0F60000086049F63C20C0F6000004212C
:1060E00001231A46FFF7BCF949F6EE10C0F600008E
:1060F000FFF7B6F902B080BD89B007900691069807
:1061000018B9FFE700200890D6E00698C11C21F0DE
:106110000301884201D0FFE700E0FFE70798019004
:106120000698033020F00300069006980B2803D849
:10613000FFE70C200690FFE706980199C96B88429B
:1061400003D9FFE700200890B6E00198016B806B4F
:10615000401A0590FFE705980199C96B069A891ABC
:10616000884200F2A680FFE70198006B0599084479
:10617000039003980078C007002840F09280FFE762
:10618000039840680599401A0C3806998842C0F077
:106190008880FFE7039840680599401A0C380699F3
:1061A000183188423AD3FFE70598069908440C3025
:1061B00004900198006B049908440290019820F023
:1061C00001000299086003984068029948600598A8
:1061D0000299886004980399486002984068019980
:1061E000C96B0C31884208D0FFE704980199096B0C
:1061F000029A526811448860FFE7069801998A6AFA
:1062000010440C3088620198816AC06A884204D2C6
:10621000FFE70199886AC862FFE716E0DDF80CC065
:10622000DCF804200199886A0B6BA3EB0C031A4479
:10623000104488620198816AC06A884204D2FFE7EC
:106240000199886AC862FFE7FFE7019840F0010002
:106250000399086003980199896B88421DD1FFE773
:10626000FFE70198816B00200978C907009041B1D0
:10627000FFE70198416B806B401A18BF0120009026
:10628000FFE70098C00738B1FFE70199086B8A6BF8
:10629000526810448863E4E7FFE703980C300890E5
:1062A0000AE0FFE70198006B0599084440680590F3
:1062B00051E700200890FFE7089809B070470000F8
:1062C00080B584B00390039808B9FFE726E00398EF
:1062D0000C3802900298006820F0010001900198AB
:1062E00020F001000299086002980199896B8842A8
:1062F00004D2FFE7029801998863FFE7029A536886
:106300000199886AD1F830C0A2EB0C02D21A10446D
:10631000886201980299FEF7B5FBFFE704B080BDE3
:1063200080B58CB00A90099108920998033020F04A
:10633000030006900698403005900598033020F041
:106340000300049009980899084420F00300039082
:10635000039819280CD3FFE7039818380599884249
:1063600006D3FFE703980499401A183802900BE00F
:10637000099908980A1849F6CE20C0F60000FFF7E0
:106380006FF800200B9047E0069800210191402211
:10639000FFF778FA06980A9A0C21FFF759FB019843
:1063A000069A49F60831C0F60001D1610499069AAF
:1063B00011620299069A51620299069AD163049970
:1063C000069A11630699096B0791069921F001015C
:1063D000079A11600699C96B0C31079A51600799A9
:1063E00088600699086B079A5268104448630699BA
:1063F00041F00100496B08600698416BC06B0C309E
:1064000048600698416BC06B0C3088600699086B39
:10641000886306980B90FFE70B980CB080BD0000D6
:1064200082B080B584B0079306920390029106A8CB
:10643000009003980299009A00F07CFF0190019867
:1064400004B0BDE8804002B07047000082B0019007
:106450000198B0F1FF3F04DCFFE701984042019052
:10646000FFE701980C2807DBFFE740F2E400C2F2E7
:106470000000C06A009008E0019940F2E400C2F216
:10648000000050F821000090FFE7009802B070472C
:1064900082B0019001980090FFE70098007828B141
:1064A000FFE7FFE7009801300090F6E700980199B8
:1064B000401A02B07047000085B004900391029228
:1064C000029820B3FFE70498019003980090FFE73B
:1064D0000098411C0091007801994A1C01920870B3
:1064E00068B9FFE7FFE702980138029030B1FFE793
:1064F0000199481C019000200870F4E706E0FFE7CE
:106500000298013802900028E2D1FFE7FFE70498E3
:1065100005B0704780B584B00390029103980330B2
:1065200020F003000190029820F0030000900399EE
:106530000098019A821A49F6C920C0F60000FFF7B8
:10654000EFFE44F2A861C2F200010860FBF708FD0B
:1065500004B080BD80B582B044F26841C2F200014F
:10656000002008800190FFE701981F280EDCFFE75C
:10657000019944F26C40C2F2000000EBC100FEF74A
:106580009FFFFFE7019801300190EDE744F26C5165
:10659000C2F200010020086002B080BD80B582B068
:1065A0006846FBF7F9FE0190019840F25471C2F27F
:1065B000000108600198FFF7ABFC0199032081F806
:1065C0003C0001982430F9F7E2FD02B080BD0000E4
:1065D00080B582B000200190FFE7019870B9FFE715
:1065E000019940F23810C2F2000000EBC100FEF742
:1065F00077FFFFE7019801300190EEE702B080BD20
:106600007047000070B58CB0844611981098CDF892
:1066100028C00991089207938DF81B000A99012060
:10662000FFF78AF90590059818B9FFE700200B904D
:1066300024E00798FFF764F80490049830B9FFE766
:106640000598FFF7B3F900200B9017E005980A9919
:10665000099A089BDDF810C0079C9DF81B50119EFD
:10666000EE46CEF80C60CEF80850CEF80440CEF8D6
:1066700000C0FBF7CBFE05980B90FFE70B980CB022
:1066800070BD000080B584B00020029040F2580038
:10669000C2F2000001900199086888420FD0FFE71C
:1066A000019800681C380290F9F73CFD03900298AD
:1066B0001C30FEF7D5FF0398F9F738FDFFE7029885
:1066C00004B080BD80B582B00190019800F11C013A
:1066D00040F25800C2F20000FEF70AFF02B080BD8F
:1066E00080B582B00190FFE7FEF784FCFCE7000074
:1066F00080B58CB000200B90FFE70B98E0BBFFE764
:106700000B9A49F6DD11C0F6000107A80590FFF7C6
:1067100087FE05990B9B03EB031240F29C50C2F2DB
:106720000000069000EBC20044F27052C2F2000278
:1067300002EB03226B464FF0200CC3F80CC04FF065
:106740001F0CC3F808C04FF4807CC3F804C01A6063
:1067500046F2E162C0F60002002300F00FF806984E
:106760000B9901EB011100EBC10000F097F8FFE776
:106770000B9801300B90C0E70CB080BD70B58AB0AB
:10678000844611981098DDF83CE0DDF838E0CDF84B
:1067900024C00891079206938DF817000998089A6B
:1067A0000121FFF755F909980899079A069BDDF82A
:1067B00038C00F9C9DF81750119EEE46CEF80C6025
:1067C000CEF80850CEF80440CEF800C0FBF71EFE0D
:1067D0000AB070BD80B582B00190019800F0A8F8B1
:1067E0000090009800F02EF802B080BD80B584B013
:1067F0000290029890F83C0000F00700022804D0B4
:10680000FFE74FF0FF30039013E0F9F78BFC0190A6
:1068100002981C30FEF754FF02984C3000F086FAC4
:106820000298FFF725FB0198F9F780FC0020039000
:10683000FFE7039804B080BD40F25470C2F200003C
:106840000068704780B584B00390FFF7F5FF0190B2
:10685000F9F768FC02900199002000908863019884
:1068600000F036F8009901984C3003AA00F034F992
:1068700001984C3000F0AAF90298F9F757FCFFF79D
:1068800031FA0198806B023020B9FFE701990020AE
:106890008863FFE70198806B04B080BD80B582B04B
:1068A0000190019991F83D200120904008640199E0
:1068B000022081F83C000198FFF798FFFFF7BCFF2A
:1068C00018B1FFE7FFF70EFAFFE7002002B080BD26
:1068D00080B584B00290029890F83C0000F0070068
:1068E00001900198012808D0FFE70198032804D0FF
:1068F000FFE74FF0FF30039017E0F9F713FC00902B
:106900000298FFF705FB029991F83C0000F0F800AF
:10691000023081F83C0002984C3000F007FA0098F1
:10692000F9F704FC00200390FFE7039804B080BD52
:1069300082B001900198B0F1FF3F04DCFFE74FF017
:10694000FF30009022E0019844F6D351C1F2620179
:1069500080FB0102901100EBD2704FF47A72504329
:106960000090019B83FB010C4FEAAC1000EBDC7044
:1069700000FB1230504300F2E73080FB0101881128
:1069800000EBD171009808440090FFE7009802B036
:106990007047000044F27460C2F200000068704763
:1069A00080B582B0F9F7BEFB009044F27461C2F288
:1069B0000001086801300860FFF73EFF019001996F
:1069C000886C013888640198806C80B9FFE7019970
:1069D000486C8864019991F83C0040F0080081F807
:1069E0003C000098F9F7A2FBFFF77CF903E0009860
:1069F000F9F79CFBFFE700F003F802B080BD000050
:106A000080B586B001A8FEF76BFDFFF7C3FF0490C9
:106A1000F9F788FB0390FFE740F23810C2F200005C
:106A2000FEF7F2FD002851D1FFE740F23810C2F224
:106A3000000000681C38059004980599096B401AFD
:106A40004FF6FE71C7F6FF7188423DD8FFE7059803
:106A5000FBF78AFD0598407C8007002806D4FFE7F5
:106A60000599487C00F0FE004874FFE7059800F1A6
:106A70001C0101A80090FEF777FD0598416A806A25
:106A80008847FFF787FF014600980491FEF7BCFD99
:106A900008B1FFE7C0E705981C30FEF721FE059816
:106AA000407C800700280ED5FFE70598407CC00792
:106AB00048B1FFE70599487C00F0FE00487405984E
:106AC00000F084F8FFE700E000E0A5E70398F9F79D
:106AD0002DFB06B080BD000080B586B00590049106
:106AE0000392F9F71FFB02900498019005282ED815
:106AF0000199DFE801F008030D1319270598C06A12
:106B00000399086024E0039800680599C8621FE0B3
:106B10000599487C00F0FD00487419E00599487C0F
:106B200040F00200487413E00598407CC00720B193
:106B3000FFE703990120086003E003990020086043
:106B4000FFE705E00598006B0399086000E0FFE7A8
:106B50000298F9F7EBFA002006B080BD80B582B04C
:106B60000190F9F7DFFA00900198FBF7FDFC01991D
:106B7000487C00F0FE0048740098F9F7D7FA0198B5
:106B8000FEF72AFF002002B080BD000080B586B06D
:106B900084460998DDF820E0CDF814C004910392F2
:106BA00002938DF807000598049A0A21FEF750FF1A
:106BB00005980399029A089B9DF807C0EE46CEF807
:106BC00000C0FBF79DFC06B080BD000080B58AB018
:106BD0000990002000900590F9F7A4FA0690099812
:106BE000FBF7C2FC0999487C00F0FE004874FFF7EF
:106BF000D1FE01460098099AD36A1944116340F204
:106C00003811C2F200010791079904910890FFE73B
:106C10000898002848D1FFE7FFE7089A04A850F831
:106C20002200079901EBC201496888422BD0FFE797
:106C3000089904A850F8210000680190019808996B
:106C4000A0EBC1001C3802900298006B0999096BF7
:106C5000401A08B9FFE70EE00298006B0999096B2A
:106C6000401A4FF6FE71C7F6FF71884201D8FFE760
:106C700009E0FFE7FFE7089A04A951F8220000683D
:106C800041F82200C9E7089848B1FFE7089A04A82C
:106C900000EB820150F8220008304860FFE7FFE770
:106CA000089801300890B3E744F27860C2F200001F
:106CB00001680131016000680390049809991C3152
:106CC000FEF752FC02200890FFE7089801281BD825
:106CD000FFE79DF80C00800768B9FFE70898C0F14E
:106CE000010204A850F82200099901EBC2011C31ED
:106CF000FEF73AFC00E007E0039880080390FFE706
:106D0000089801300890E0E70999487C40F00100BC
:106D100048740698F9F70AFA059818B1FFE7FEF7E4
:106D2000E1FFFFE700200AB080BD000080B584B01D
:106D300002900298407CC00720B9FFE74FF0FF3077
:106D4000039010E0F9F7EEF901900298FBF70CFCC4
:106D50000299487C00F0FE0048740198F9F7E6F9C2
:106D600000200390FFE7039804B080BDB0B594B055
:106D7000139312901191109212980C9012981199ED
:106D800008440B900B981299884208D2FFE74FF005
:106D9000FF300B900B981299401A1190FFE7FFE714
:106DA00010980078002800F0AE82FFE71098007875
:106DB00025280ED0FFE70C980B99884205D2FFE7F3
:106DC000109800780C990870FFE70C9801300C902F
:106DD00095E200208DF82200FFE710980130109016
:106DE000109800782D2807D1FFE79DF8220040F089
:106DF00010008DF8220034E0109800782B2807D17D
:106E0000FFE79DF8220040F004008DF8220027E003
:106E100010980078202807D1FFE79DF8220040F065
:106E200008008DF822001AE010980078232807D176
:106E3000FFE79DF8220040F020008DF822000DE0D1
:106E400010980078302807D1FFE79DF8220040F025
:106E500001008DF8220000E004E0FFE7FFE7FFE714
:106E6000FFE7BAE74FF0FF3007901098007830380E
:106E7000092805D8FFE710A800F00AFD07901DE0DB
:106E8000109800782A2818D1FFE710980130109048
:106E90001398011D1391006807900798B0F1FF3F08
:106EA0000ADCFFE70798404207909DF8220040F077
:106EB00010008DF82200FFE7FFE7FFE74FF0FF30FB
:106EC0000690109800782E2826D1FFE71098013000
:106ED0001090109800783038092805D8FFE710A8DE
:106EE00000F0D6FC06900EE0109800782A2809D110
:106EF000FFE71098013010901398011D139100685E
:106F00000690FFE7FFE70698B0F1FF3F03DCFFE7DD
:106F100000200690FFE7FFE700208DF82100109881
:106F20000078682805D0FFE7109800786C2808D111
:106F3000FFE7109800788DF821001098013010902C
:106F4000FFE70A208DF823001098007825380146C5
:106F50000591532800F266810599DFE811F03F01A1
:106F60006301630163016301630163016301630101
:106F700063016301630163016301630163016301F1
:106F800063016301630163016301630163016301E1
:106F900063016301630163016301630163016301D1
:106FA00063016301630163016301630163016301C1
:106FB00063016301630163016301630163016301B1
:106FC00063016301500163016301630163016301B4
:106FD0006301630163016301630154005B016301A9
:106FE0006301630163015B01630163016301630189
:106FF00063014C011B01630163019700630162019E
:107000006301630157019DF82200C006002815D4D2
:10701000FFE7FFE707980138079001280DDBFFE73E
:107020000C980B99884204D2FFE70C992020087035
:10703000FFE70C9801300C90ECE7FFE71398011D77
:10704000139100688DF82B000C980B99884205D29B
:10705000FFE79DF82B000C990870FFE70C980130B2
:107060000C90FFE707980138079001280DDBFFE738
:107070000C980B99884204D2FFE70C9920200870E5
:10708000FFE70C9801300C90ECE738E11398011DF4
:10709000139100680990099830B9FFE749F65D201F
:1070A000C0F600000990FFE700200D90FFE70D9962
:1070B000079A00209142049008D0FFE709980D99A3
:1070C000405C002818BF01200490FFE70498C00727
:1070D00028B1FFE7FFE70D9801300D90E7E706982C
:1070E000012808DBFFE70D980699884203DDFFE7DA
:1070F00006980D90FFE79DF82200C006002816D4E0
:10710000FFE7FFE70D9807994A1E079288420DDABC
:10711000FFE70C980B99884204D2FFE70C992020D6
:107120000870FFE70C9801300C90EBE7FFE70020B8
:107130000E90FFE70E980D99884215DAFFE70C983C
:107140000B99884205D2FFE7099800780C990870DE
:10715000FFE70C9801300C90099801300990FFE787
:107160000E9801300E90E5E7FFE70D9807994A1E4B
:10717000079288420DDAFFE70C980B99884204D2F7
:10718000FFE70C9920200870FFE70C9801300C9065
:10719000EBE7B4E00798013048B9FFE70820079013
:1071A0009DF8220040F001008DF82200FFE70C98C6
:1071B0000B99139A131D13931268079BDDF818E0BF
:1071C0009DF82240EC46CCF80840CCF804E0CCF81E
:1071D00000301023FDF7B6FC0C9090E00C980B9952
:1071E000884204D2FFE70C9925200870FFE70C982D
:1071F00001300C9083E008208DF8230035E09DF8E5
:10720000220040F040008DF82200FFE710208DF8AA
:1072100023002AE09DF8220040F002008DF82200B1
:10722000FFE722E00C980B99884204D2FFE70C9903
:1072300025200870FFE70C9801300C90109800781A
:1072400070B1FFE70C980B99884205D2FFE71098C0
:1072500000780C990870FFE70C9801300C9003E05F
:10726000109801381090FFE749E09DF821006C2844
:107270000DD1FFE71398011D139100680F909DF841
:1072800022008007002801D5FFE7FFE722E09DF8F4
:107290002100682810D1FFE71398011D1391008881
:1072A0000F909DF822008007002804D5FFE7BDF964
:1072B0003C000F90FFE70CE01398011D139100684C
:1072C0000F909DF822008007002801D5FFE7FFE717
:1072D000FFE7FFE70C980B990F9A9DF82330DDF834
:1072E0001CC0069C9DF82250EE46CEF80850CEF801
:1072F0000440CEF800C0FDF725FC0C90FFE7109885
:10730000013010904CE5119878B1FFE70C980B997B
:10731000884204D2FFE70C990020087004E00B9922
:10732000002001F8010CFFE7FFE70C981299401AC2
:1073300014B0B0BD80B584B0039202900191029860
:10734000019A039B4FF0FF31FFF710FD04B080BDA1
:1073500000207047002070470020704700207047D1
:1073600080B5F8F7DFFEFDF7D5FEFEF79BFEFFF7D1
:107370002FF9FFF7EFF8FDF7D7FDFFF741F9FFF71A
:10738000B7F9FFF70BF9002080BD000080B58CB085
:107390000B900A9100208DF82700089007900B9819
:1073A000032807DCFFE749F67350C0F60000FEF73C
:1073B00057F867E00A984068F8F7B6FF8DF827009D
:1073C0009DF82700002805D4FFE79DF827000A282C
:1073D0000DDBFFE749F65B50C0F60000FEF740F812
:1073E00049F61730C0F60000FEF73AF84AE00A986E
:1073F000806801F003FAF9F779FA08900A98C068F2
:1074000001F0FCF9F9F772FA079008989DF8272027
:1074100040F26001C2F20001029141F83200079887
:107420009DF8272001EBC201486049F65130C0F6B3
:107430000000FEF715F802989DF8271000EBC10236
:10744000039250F83100F9F73EFA0246039804928D
:1074500005914068F9F737FA049A059B8C4669460E
:10746000C1F804C0086040F25060C2F2000006900B
:1074700049F6A041C0F6000100F09CFC0698FDF71B
:10748000EFFFFFE70CB080BD80B58AB0099008918E
:107490000020079006900998022807DCFFE749F6CC
:1074A0007350C0F60000FDF7DBFF36E00898406837
:1074B00001F0A4F9F9F71AFA07900898806801F02A
:1074C0009DF9F9F713FA0690079840F26001C2F2AD
:1074D0000001086506984865086D496D0291F9F745
:1074E000F2F90246029803920491F9F7ECF9039A33
:1074F000049B8C466946C1F804C0086040F25060A5
:10750000C2F20000059049F67241C0F6000100F099
:1075100051FC0598FDF7A4FFFFE70AB080BD00000D
:1075200080B588B00790069100208DF817008DF87F
:10753000160004900798022807DCFFE749F673500D
:10754000C0F60000FDF78CFFCDE006984068F8F724
:10755000EBFE8DF817009DF81700012805D0FFE716
:107560009DF81700022808D1FFE70698806801F00F
:1075700045F9F9F7BBF9049006E006988068F8F73A
:10758000D3FE8DF81600FFE79DF81700013801467D
:10759000039106283CD80399DFE801F0040B121A86
:1075A000222A3200049840F28051C2F200010860A1
:1075B0002FE0049840F28051C2F20001486028E0B8
:1075C0009DF8160040F28051C2F20001087220E0DE
:1075D0009DF8160040F28051C2F20001487218E096
:1075E0009DF8160040F28051C2F20001887210E04E
:1075F0009DF8160040F28051C2F20001C87208E006
:107600009DF8160040F28051C2F20001087300E0BC
:10761000FFE749F63430C0F60000FDF721FF40F2E5
:107620005060C2F2000001904FF48071F8F72CFE18
:1076300040F28050C2F2000002900068F9F743F96E
:10764000024601980B4649F6B341C0F6000100F02E
:10765000B1FB0198FDF704FF02984068F9F733F990
:10766000024601980B4649F6D441C0F6000100F0ED
:10767000A1FB0198FDF7F4FE0298017A49F6C430A7
:10768000C0F60000FDF7ECFE0298417A49F678302A
:10769000C0F60000FDF7E4FE0298817A49F6E63074
:1076A000C0F60000FDF7DCFE0298C17A49F69E3074
:1076B000C0F60000FDF7D4FE0298017B49F60C40AD
:1076C000C0F60000FDF7CCFE9DF8171049F66730B4
:1076D000C0F60000FDF7C4FE49F68C50C0F600006D
:1076E000FDF7BEFEFFE708B080BD000080B58AB0A0
:1076F000099008910998022807DCFFE749F67350C2
:10770000C0F60000FDF7ACFE39E00898406801F0D3
:1077100075F8F9F7EBF844F2AC61C2F2000103919D
:1077200008600898806801F069F8F9F7DFF8014609
:10773000039844F2B062C2F2000204921160006841
:10774000F9F7C1F802460498059206910068F9F726
:10775000BAF8059A069B8C466946C1F804C00860D1
:1077600040F25060C2F20000079049F64061C0F656
:10777000000100F01FFB0798FDF772FEFFE70AB05B
:1077800080BD000080B582B001904AF2DB00C0F6F7
:107790000000FDF765FE0198FCF756FFFBF71EFBA6
:1077A0000146019A4AF22B20C0F60000FDF758FE70
:1077B00002B080BD80B582B040F29450C2F20000A9
:1077C0000068F9F780F802460B4640F25060C2F2BA
:1077D0000000019049F61A51C0F6000100F0EAFAE3
:1077E0000198FDF73DFE40F29850C2F2000000689B
:1077F000F9F769F8024601980B4649F63951C0F687
:10780000000100F0D7FA0198FDF72AFE40F29050EF
:10781000C2F200000068F9F756F8024601980B46DC
:1078200049F6ED41C0F6000100F0C4FA0198FDF7F9
:1078300017FE02B080BD000080B584B003900398AD
:1078400000680190FFE70198039988421DD0FFE787
:1078500001981C380290029A4AF28C10C0F600007F
:107860001021FDF7FDFD019800680399884207D0BB
:10787000FFE74AF23610C0F60000FDF7F1FDFFE722
:10788000FFE7019800680190DDE704B080BD0000CB
:1078900082B0019000200090FFE701980068007816
:1078A000303809280DD8FFE7009800EB8001019BD4
:1078B0001868421C1A60007800EB410030380090D4
:1078C000EBE7009802B0704784B0039002910398F0
:1078D0000190FFE7019801780020009081B1FFE757
:1078E000029801780020009051B1FFE701980078DC
:1078F00002990978401AB0FA80F040090090FFE739
:107900000098C00738B1FFE7019801300190029854
:1079100001300290DEE701980399401A04B07047E5
:1079200080B5FAF759FF002080BD000080B582B015
:1079300049F2F370C0F60000FDF792FD4EF62A50B2
:10794000CEF200000190018849F6C210C0F6000096
:10795000FDF786FD01980088C00738B1FFE749F6BA
:107960008A10C0F60000FDF77BFDFFE74EF62A50B7
:10797000CEF2000000888007002807D5FFE749F60F
:107980003110C0F60000FDF76BFDFFE74EF62A5000
:10799000CEF2000000884007002807D5FFE749F62F
:1079A0001F10C0F60000FDF75BFDFFE74EF62A5002
:1079B000CEF2000000880007002807D5FFE749F64F
:1079C0005A10C0F60000FDF74BFDFFE74EF62A50B7
:1079D000CEF200000088C005002807D5FFE749F671
:1079E0002610C0F60000FDF73BFDFFE74EF62A50DB
:1079F000CEF2000000888005002807D5FFE749F691
:107A00004F10C0F60000FDF72BFDFFE74AF2DB0048
:107A1000C0F60000FDF724FD02B080BD80B5FEF782
:107A200041FB002080BD000080B582B0019001982C
:107A3000FAF7D8FD02B080BD80B586B005A80190E8
:107A4000F9F748FD08200121F9F7AAFD01998020E6
:107A50000290ADF8140014208DF817000320009058
:107A60008DF8160040F60040C4F201000390F9F7CB
:107A70003FFC009A0199039840230493ADF8143019
:107A800010238DF817308DF81620F9F731FC029984
:107A90000398F9F715FD03980499F9F711FD06B05D
:107AA00080BD000080B582B08DF807009DF807000A
:107AB00040B9FFE740F60040C4F201004021F9F769
:107AC000F5FC0DE09DF80700012808D1FFE740F61E
:107AD0000040C4F201004021F9F7F2FCFFE7FFE7A4
:107AE00002B080BD80B540F60040C4F201008021A4
:107AF000F9F7C2FC80BD000080B582B08DF80700A8
:107B00009DF8070040B9FFE740F60040C4F20100CD
:107B10008021F9F7CBFC0DE09DF80700012808D182
:107B2000FFE740F60040C4F201008021F9F7C8FCED
:107B3000FFE7FFE702B080BD80B540F21410C2F24B
:107B40000000FAF761FD80BD80B59AB018901791DA
:107B500000200C908DF8580015908DF853008DF88A
:107B6000520013901290119010900F9001228DF8F6
:107B70003B206846026040F21410C2F20000582117
:107B800015ABFAF76BFD8DF83B009DF854008006AD
:107B9000002804D4FFE7FF208DF8670005E169465F
:107BA0000520086040F21410C2F20000582104229F
:107BB00015ABFAF753FD8DF83B009DF854009DF886
:107BC00055209DF85610000440EA02200844129007
:107BD000BDF8570040BA11901298B0F5000F16DDAD
:107BE000FFE7129800F17F40F8F75CFE002209924F
:107BF0000023C3F6A063F8F713FD099A44F20003CB
:107C0000C4F28F03F8F70CFD0A900B9113E0129861
:107C1000F8F748FE002208920023C3F6A063F8F7A5
:107C2000FFFC089A44F20003C4F28F03F8F7F8FC53
:107C30000A900B91FFE70A980B99F8F757FE1090FE
:107C40001098F8F740FE002244F20003CCF27F03C4
:107C5000F8F73FFCF8F74AFE1090694601200490BF
:107C6000086040F21410C2F20000079058210591FC
:107C7000202215AB0693FAF7F1FC049A0599069BAE
:107C8000844607988DF83BC09DF854C08DF853C0CA
:107C9000EC46CCF800202122FAF7E0FC8DF83B00FE
:107CA0009DF854008DF852009DF853000C2804D123
:107CB000FFE74FF48050139037E09DF853008C2875
:107CC00006D1FFE74FF20000CFF6FF7013902BE0D4
:107CD0009DF853000D2804D1FFE74FF40050139096
:107CE00021E09DF853008D2806D1FFE74EF20000F9
:107CF000CFF6FF70139015E09DF853000E2804D1C5
:107D0000FFE74FF4804013900BE09DF853008E285E
:107D100006D1FFE74CF20000CFF6FF701390FFE7AB
:107D2000FFE7FFE7FFE7FFE7FFE79DF8520049F6AF
:107D30009A11C1F69911A0FB0110F8F7B3FD0246A4
:107D40000B4600204FF0804100F06EFDF8F7CEFDAD
:107D50000D901198B0F5004F05DDFFE71198A0F5E3
:107D60008030039002E011980390FFE70398139985
:107D7000401AF8F789FD0D99F8F76DFBF8F7A3FDA8
:107D8000002202920023C4F23903F8F7A2FBF8F7AD
:107D9000ADFD014602980F911099189A11600F9944
:107DA000179A11608DF86700FFE79DF867001AB019
:107DB00080BD00000FB4084B10B504A902AA0398B7
:107DC00000F080F9044602A9002000F012FD2046D0
:107DD00010BC5DF814FB0000F3870008490050EA6E
:107DE000C12018BF04204A0D18BF40F0010040F226
:107DF000FF72B2EB515F08BF40F00200012808BFDC
:107E00000520704700487047000000202DE9F04130
:107E10004F1E00EBC7010446D1E9000115461E467E
:107E200037F006020DD02A463346F8F7F9FB7F1EDD
:107E300004EBC703D3E90023F8F74BFB37F0060246
:107E4000F1D1022F25D0042F13D0062F18BFBDE883
:107E5000F0812A463346F8F7E3FBD4E90A23F8F722
:107E600038FB2A463346F8F7DBFBD4E90823F8F75A
:107E700030FB2A463346F8F7D3FBD4E90623F8F75C
:107E800028FB2A463346F8F7CBFBD4E90423F8F75E
:107E900020FB2A463346F8F7C3FBD4E90223F8F760
:107EA00018FB2A463346F8F7BBFBD4E90023BDE8AC
:107EB000F041F8F70EBB00000022134610460149BE
:107EC000F8F720BC0000F03FF8F703BB0022134690
:107ED00010461146F8F716BC40F2013200204FF070
:107EE000E041F8F7D6BE0000024A00201107F8F77B
:107EF000D0BE000001FDFFFF014800687047000090
:107F00000000002002E008C8121F08C1002AFAD1B0
:107F100070477047002001E001C1121F002AFBD109
:107F20007047000001490860704700000000002011
:107F30002DE9FF5F82B00021DDE90430020DDDF89C
:107F400040B0034318D044F61050A2F2FF3242432F
:107F50001514119801281FD0A5EB0B00401C5FEAF7
:107F6000000A4FF000064E4FDFF83891B0465046F9
:107F700015D5CAF1000413E0119801244AA3012881
:107F800001D16FEA0B010298119AC0E90031C0E9F2
:107F9000024206B0BDE8F09FCBF10000DFE70446E7
:107FA0000021404A491842EB0450CDE9001012E08C
:107FB000E00707D032463B4640464946F8F730FBDB
:107FC0008046894632463B4610461946F8F728FB5C
:107FD00006460F466410002CEAD1DDE90401DDE914
:107FE0000023BAF1000F06DAF8F71AFB42464B46B7
:107FF000F8F716FB05E0F8F785FB42464B46F8F725
:1080000081FB04460E460022284BF8F771FE03D888
:108010004FF0FF30014607E00022254B2046314655
:10802000F8F757FAF8F74CFE102409E0002C0ADBA9
:108030000A220023F8F78CFC039B30321A55641E89
:1080400050EA0102F2D1641C039AC4F111031444F2
:10805000119A012A03D0012208430DD10AE00843F6
:1080600004D000204FF0110B119072E7A3EB0B0529
:108070006D1E0DE05B4504DD4FF0000205F10105CA
:1080800004E003DA4FF00002A5F10105002AECD06C
:1080900002981199C0E90231C0E9004579E7000072
:1080A000000014400000F03F300000000000F043EA
:1080B0000000E03F30380A2801D20120704700203C
:1080C000704700002DE9FF4F95B09B468946064654
:1080D00000250FE2252877D100242746F84A012100
:1080E000059400E0044316F8013F203B01FA03F039
:1080F0001042F7D130782A2811D06FF02F03307852
:10810000A0F13002092A16D8059A44F0020402EBC5
:10811000820203EB42021044761C0590EFE759F807
:10812000042B0592002A03DA504244F400540590CF
:1081300044F00204761C30782E2816D116F8010F70
:1081400044F004042A280DD06FF02F023078A0F1FB
:108150003003092B09D807EB870302EB4303C71849
:10816000761CF3E759F8047B761C30786C280FD026
:1081700006DC4C2817D068280DD06A2814D104E0FA
:10818000742810D07A280FD10DE044F400140AE0CE
:1081900044F4801401E044F440147278824202D125
:1081A00004F58014761C761C307866280BD013DC1E
:1081B000582877D009DC002875D04528F6D0462805
:1081C000F4D047281AD19DE118E0632835D06428FF
:1081D00079D0652812D195E1702873D008DC672822
:1081E000F1D069286FD06E280DD06F2806D1B5E088
:1081F00073282CD0752875D0782874D05A461799D2
:1082000090476D1C75E1C4F30250022809D0032881
:108210000DD0D9F8001004280DD00D6009F1040923
:1082200067E1D9F80010EA17C1E90052F6E7D9F87A
:1082300000100D80F2E70D70F0E719F8041B8DF8BF
:10824000001000208DF80100EA46012003E059F8F3
:1082500004AB4FF0FF3061074FF0000102D40DE096
:1082600008F101018846B9420FDA8045F8DB1AF8B7
:1082700008100029F4D108E008F101018846814284
:10828000FADB1AF808100029F6D105985B46A0EB36
:10829000080721463846179A00F094FA284400EB64
:1082A000080507E04DE029E10DE01AF8010B5A46F8
:1082B00017999047B8F10108F7D25B462146384636
:1082C000179A13E142E00A220092C4F302524FF0DF
:1082D000000A022A08D059F804CB032A4FEAEC71AD
:1082E0000AD00DE029E02AE009F1070121F0070298
:1082F000F2E802C1914609E00FFA8CFC4FEAEC71FA
:10830000042A03D14FFA8CFC4FEAEC71002907DAFA
:108310000A460021DCF1000C61EB02012D2202E093
:10832000220504D52B228DF80420012203E0E20768
:1083300001D02022F7E7904659E00A2102E01022FE
:108340000DE010214FF0000A00910BE010224FF0D9
:10835000000A44F004040827009203E008224FF0CA
:10836000000A0092C4F30252022A05D059F804CB45
:108370000021032A08D009E009F1070121F00702D2
:10838000F2E802C1914605E01FFA8CFC042A01D1F3
:108390000CF0FF0C4FF00008220728D5702806D0FB
:1083A000009B83F0100353EA0A0305D00EE040223D
:1083B0008DF80420012208E05CEA010206D0302298
:1083C0008DF804208DF8050002229046009B83F072
:1083D000080353EA0A030AD15CEA010201D16207E9
:1083E00005D530228DF804204FF001087F1E582853
:1083F00004D034A003900EA802900DE036A0F9E757
:1084000053466046009AF8F7A3FA84460398825CC4
:108410000298401E029002705CEA0100F0D10298BE
:1084200006A9081A00F1200A600702D524F4803456
:1084300000E00127574502DDA7EB0A0000E000201D
:1084400000EB0A01009005984144401A0590E003B2
:1084500006D45B462146179A059800F0B3F9054407
:10846000002706E001A85A46C05D179990476D1C89
:108470007F1C4745F6DBE0030CD55B462146179A87
:10848000059800F09FF9054404E030205A461799FA
:1084900090476D1C0099481E00900029F5DC08E00B
:1084A000029802995A460078491C02911799904700
:1084B0006D1CBAF10001AAF1010AF1DC65E10000CE
:1084C00009280100303132333435363738396162AA
:1084D000636465660000000030313233343536376E
:1084E00038394142434445460000000000F058F945
:1084F0000544761C307800287FF4ECAD19B028468E
:10850000BDE8F08F620700D4062709F1070222F0C8
:10851000070CFCE80223E14603F000485FEA080C80
:1085200002D00FF2702C0DE05FEA045C02D50FF26E
:10853000682C07E05FEAC47C02D00FF2602C01E0F7
:10854000AFF2700C4FF0FF3823F00043CDF850C06D
:1085500065280CD006DC452809D046281DD04728C0
:108560003DD13DE0662818D067287ED138E0002153
:10857000112F01DB112000E0781CCDE9000106A9D4
:108580000EA8FFF7D5FCDDE90F010E9A039100213B
:10859000009207F1010A04914DE04FF0004000976E
:1085A000CDE9011006A90EA8FFF7C2FCDDE90F0214
:1085B00003920E9B11990022DDF80CA00093049207
:1085C00011B9791C00EB010AB7EB0A0004D4C0F121
:1085D000FF3007F1010A0490AAEB0700019044E084
:1085E000012F00DA01270021112F01DD112000E009
:1085F0003846CDE9000106A90EA8FFF799FCDDE990
:108600000F010E9A0391002104910092BA462107AE
:108610000CD40399514500DA8A46BAF1010F05DD01
:10862000009AAAF10101515C302908D0B84202DA5F
:1086300010F1040F06DA0121CDE9011015E0AAF1CD
:108640000101E9E7002805DC049901440491AAEB43
:10865000000102E0411C514500DD8A460499401AA0
:10866000401C01904FF000400290200704D4019874
:10867000504501DBCDF8048000208DF84F000298B2
:108680000DF14F07B0F1004F25D02B200E9002982E
:108690004FF0020800280CDA404202902D200E9084
:1086A00007E00A210298F8F73DF93031029007F807
:1086B000011DB8F10001A8F10108F2DC02980028C0
:1086C000EFD1791E0E980870307800F0200040F04D
:1086D000450007F8020D12A8C01B00F10708149806
:1086E000007800B1012000EB0A01019801EBE07174
:1086F00005984144401A401E0590E00306D45B46AD
:108700002146179A059800F05DF805441498007802
:1087100018B15A46179990476D1CE00324D55B4663
:108720002146179A059800F04DF805441CE004987E
:10873000002807DBDDE90301884203DD0098405C87
:10874000179901E0179930205A469047049805F18F
:108750000105401C04900198401E019004D12E2078
:108760005A46179990476D1CBAF10001AAF1010A07
:10877000DDDC05E017F8010B5A46179990476D1C90
:10878000B8F10001A8F10108F4DC5B462146179A14
:108790000598ABE62D0000002B0000002000000033
:1087A0002DE9F041044600251E461746880404D4EE
:1087B00005E039462020B0476D1C641EF9D52846D7
:1087C000BDE8F0812DE9F041044600251E469046A3
:1087D000C80301D5302700E02027880404D505E030
:1087E00041463846B0476D1C641EF9D52846BDE8A1
:1087F000F0810A68531C0B601070704730B583B06D
:108800000446FFF779FB05460020CDE9000002464B
:10881000012321466846F8F70CF92846FFF782FB4A
:10882000DDE9000103B030BD2DE9F04D1D460C46D9
:1088300094B0174621F0004123F00043002814BFF4
:108840004FF0010C4FF0000C0CEB440CFB4A0CEB0E
:1088500002064FEA620C66452BD33E0018BF012684
:1088600006EB45061644F64A964222D3F54A53EAE9
:10887000070C02D0944205D148B914B0002011462B
:10888000BDE8F08D002808BF4FF0000C01D04FF07C
:10889000010C0CEB440212F5001F0AD8002F14BF84
:1088A0004FF0010C4FF0000C0CEB450212F5001FCD
:1088B00007D914B03A462B462146BDE8F04DFFF7E4
:1088C00003BB0022DFF880A3002CB8BF534526DA93
:1088D000DFF878C36345A8BF022220DADFF864C35B
:1088E0009C451CDCDFF868C30CEB235CBCF1140F67
:1088F00008DDCCF1340627FA06FC0CFA06F6BE4277
:108900000DD108E05FB9CCF1140623FA06FC0CFA8D
:1089100006F69E4203D10CF00102C2F1020251EAB6
:10892000000C19D1002D17DA002C18BF022A01D033
:10893000012A07D00220FFF7F5FA14B0BDE8F04D88
:10894000FFF7BABA0220FFF7EDFAFFF7B5FA14B055
:1089500081F00041BDE8F08DB7F1000C6CD15345BA
:1089600025D104F1804212F5801201BF00280020B9
:10897000B44914B008BFBDE8F08DB248884207DCA6
:10898000002DA1BF6046294614B0BDE8F08D07E078
:10899000002DBFBF604685F0004114B0BDE8F08DEA
:1089A000AC497944D1E9000114B0BDE8F08DDFF89D
:1089B00094C2634525D1002D1FDA19B1514512D15A
:1089C000D8B909E0002840F0F6829F4A214614B049
:1089D00062F31E01BDE8F08D0020214614B060F363
:1089E0001E01BDE8F08D08DA14B02346BDE8F04D55
:1089F000024600206146F7F785BE14B02146BDE867
:108A0000F08D514518DAB5F1804F0DD0A5F1005C1D
:108A1000BCF1FF5C10D1B4F1000C0DDB14B0614669
:108A2000BDE8F04D00F0F6BB234614B00246BDE8A9
:108A3000F04D1946F7F7F4BD060024F0004C3BD189
:108A4000D9B1514533D1002C06DD002DA1BF002046
:108A5000514614B0BDE8F08D002C01DD002D1BDB6C
:108A6000002C13DA002D11DB012A4FF0000014BF97
:108A70007549794914B0BDE8F08D022A18BF002C61
:108A80000AD0012A08D1002C06DA0AE0002CB8BF6F
:108A9000002D11DA012A04D0002014B00146BDE8EF
:108AA000F08D14B000204FF00041BDE8F08DA1F131
:108AB0004050B0F17F601AD0012000EBE47050EA22
:108AC000020421D05F4C521E4FF0000B104304BF34
:108AD0004FF0000B614C624883427DDD614A624881
:108AE000934229DD884217DB002D2FDB41E0002C6B
:108AF00000DA4AB1022A0CBF01204FF0FF3014B057
:108B0000BDE8F04DF7F7CEBE0120FFF70BFA14B029
:108B1000BDE8F04DFFF7DAB94A4A8A420CDC002D75
:108B200014DC0220FFF7FEF9FFF7DEF961F31E0403
:108B300014B02146BDE8F08D814202DA002D18DA2A
:108B400004E0404B994220DD002D12DD0220FFF7AA
:108B5000E9F9FFF7C1F905460E460022534658468B
:108B60002146F7F75DFD14B066F31E012846BDE807
:108B7000F08D0220FFF7D6F9FFF7B6F90A46214635
:108B800014B062F31E01BDE8F08D0022304661464C
:108B9000F7F740FD064688466FF00102F8F779F8CE
:108BA0004FF05532314BF7F738FD32464346F7F771
:108BB00037FD00222E4BF7F730FD8A4632464346FA
:108BC000029010461946F7F72BFD5346029AF7F725
:108BD00027FD8246324600E054E0059143464FF0BF
:108BE000C0402449F7F71CFDCDE90C01224A214B76
:108BF00050460599F7F714FD824601911F4A204B14
:108C000030464146F7F70CFD5246019BF7F702FD4F
:108C100082460B4602460991DDE90C01F7F759FC43
:108C2000DDE90C23002688463046F7F7F3FC524670
:108C3000099BF7F7F2FC024600F07EB9FFFF1F0028
:108C4000FFFF0F000000F03F0000F07F00004043F6
:108C500001FCFFFFFA0900000000F0FF0000F0BF78
:108C60000000E0410000F043FFFFEF3F5555D53FC6
:108C70000000E03F4715F73FFE822B6544DF5DF8BB
:108C80000BAE543E0020B1F5801F07DA3522304686
:108C90006146F7F7FEFF06466FF0340000EB215007
:108CA000A0F2FF300190C1F3130040F07F6141F06A
:108CB00040510291FE498842D8BF002004DDFD49A1
:108CC0008142C8BF012001DD0F9008E000200F9015
:108CD0000198401C01900298A0F580100290029922
:108CE000F548784405910F9900EBC1001290D0E946
:108CF000002330460599F7F78DFCCDE90C01129859
:108D0000D0E9002330460599F7F7E3FB02460B460E
:108D10000020EA49F7F7F6FC0B46CDE908010246C8
:108D2000DDE90C01F7F77CFC0A90E5488A464FF034
:108D3000000878440299006810904FF0005040EA13
:108D400061010F9801EB804000F50021129811910C
:108D5000D0E900231098F7F75DFC3246059BF7F742
:108D60005CFC42465346F7F75BFCDDE91023064600
:108D7000039140465146F7F753FCDDE90C23F7F722
:108D80004CFC3246039BF7F745FCDDE90823F7F777
:108D900047FC03910A9A1290534610461946F7F77A
:108DA0003FFC06460246C7480B460291062178441E
:108DB000FFF72CF8029B32460591089010461946A1
:108DC000F7F72EFC059B089AF7F72AFC064609914F
:108DD0005346404619460A9AF7F77BFB039B129AC3
:108DE000F7F71EFC3246099BF7F773FBCDE9080144
:108DF0004246534610461946F7F712FC02460B4608
:108E0000029104900020B049F7F763FBDDE90823E5
:108E1000F7F75FFB0E464246AB4B4046F7F7FAFBCF
:108E2000029B049AF7F7F6FBDDE90823F7F7F5FB59
:108E3000424604910290334610465146F7F7F0FB44
:108E4000CDE90C0153460A9A04990298F7F7E8FB1A
:108E5000824600913346424603991298F7F7E0FBA9
:108E60005246009BF7F735FB82460B4602460991B6
:108E7000DDE90C01F7F72DFBDDE90C230026884620
:108E80003046F7F7C7FB5246099BF7F7C6FBCDE91B
:108E90000801434632464FF060408C49F7F7C0FB6B
:108EA00082460491DDE90801894A884BF7F7B8FB4F
:108EB000029100904346324686488749F7F7B0FB57
:108EC000029B009AF7F705FB844B7B440F9A03EB58
:108ED000C203D3E90023F7F7FCFA0090029101984E
:108EE000F7F7E0FC0E9003915046029B009A04991C
:108EF000F7F7EFFA7A4A7A440F9B02EBC303099320
:108F0000D3E90023F7F7E5FA039B0E9AF7F7E1FAA6
:108F100088463046039B0E9AF7F77CFB099BD3E902
:108F20000023F7F777FB5246049BF7F773FB029B8E
:108F3000009AF7F772FB024600200B460290384673
:108F40002946F7F76DFB824603912B4638461946B2
:108F5000029AF7F75FFB32464346F7F761FB52464A
:108F6000039BF7F7B6FA07468A4632464346294638
:108F70000298F7F755FB05460E463A465346F7F773
:108F8000A8FA584A8846914221DBA8EB020353EA2B
:108F9000000210D12A463346F7F73CFBCDE9031017
:108FA000514A524B38465146F7F793FADDE90332FE
:108FB000F7F79EFE21D20220FEF7B4FFFEF78CFFEA
:108FC0000A46214614B062F31E01BDE8F08D484BFD
:108FD00028F000429A4210D3464A08EB020353EAB3
:108FE00000027FF4C6AD2A463346F7F713FB3A4634
:108FF0005346F7F77DFE7FF6BCAD0022019228F0C4
:1090000000403D493D4A01EB2051824223DA481C91
:109010004FF4801121FA00F04044394AC0F30A515C
:109020007A44384BA1F2FF31CB4020EA0303C0F36E
:10903000130040F48010C1F11401C840126801907F
:10904000B8F1000FBCBF4042019028463146F7F707
:10905000E1FA05460E462A46334638465146F7F7AA
:1090600038FA4FF000084246274B40460391F7F785
:10907000D7FACDE90C01254A254B40460399F7F76D
:10908000CFFA029100902A46334640460399F7F7FB
:10909000C1FA3A465346F7F7C0FA1E4A1E4BF7F795
:1090A000BFFA029B009AF7F714FA0746884635E0A4
:1090B0008E9803007AB60B00AA0500000000F03F6E
:1090C0006A0600000E0500000000084009C7EE3FD8
:1090D000FD033ADCF5015B14E02F3EBEE203000025
:1090E000A603000000009040FE822B654715973CC8
:1090F00000CC904000346F3F01FCFFFF0000E03FD8
:109100007C030000FFFF0F00432EE63F396CA80CE4
:10911000615C20BEEF39FAFE422EE63F02460B4666
:10912000DDE90C01F7F7D5F9DDE90C2305460E461C
:10913000F7F770FA3A464346F7F76FFA07462A46BA
:109140003346059110461946F7F76AFA82460246F9
:109150002E4888460B4605217844FEF757FE5246B6
:109160004346F7F75DFA2A463346F7F756FA804644
:109170008A463A4628463146059BF7F751FA3A4661
:10918000059BF7F7A6F90591009000224FF0804368
:1091900040465146F7F73EFA07460391424653468A
:1091A00028463146F7F73CFA3A46039BF7F7AAFA06
:1091B000059B009AF7F72EFA2A463346F7F72AFA64
:1091C0000022134BF7F729FA054601980E4601EBEA
:1091D00000510815002810DC28463146019AF7F79F
:1091E00058FDFEF7FBFD042808BFFEF77DFE28466C
:1091F0003146019AF7F74DFD05460B4614B02A4655
:1092000058462146BDE8F04DF7F70ABA9401000030
:109210000000F03F2DE9F04106460F46F7F7C7FF83
:10922000041E0D4618BF0120284320F00040C0F165
:109230007F6000F1E040C00F0ED0301C18BF01204D
:10924000384320F00040C0F17F6000F1E040C00FE3
:1092500004BF0120FEF766FE20462946BDE8F081E6
:1092600070B50546F7F789FC044620F00040C0F1D0
:10927000FF40C00F08D025F00040C0F1FF40C00FF4
:1092800004BF0120FEF74EFE204670BD0000000026
:10929000000000000000F03F000000000000F83F68
:1092A00000000000000000000000004003B8E23FA2
:1092B000000000000000000006D0CF43EBFD4C3E54
:1092C000033333333333E33FFFAB6FDBB66DDB3F49
:1092D0004D268F515555D53F01411DA96074D13F91
:1092E00065DBC9934A86CD3FEF4E454A287ECA3F8B
:1092F0003E5555555555C53F93BDBE166CC166BF0D
:109300002CDE25AF6A56113FF16BD2C541BDBBBE05
:10931000D0A4BE726937663E0040404040404040A5
:109320004040414141414140404040404040404038
:1093300040404040404040404005020202020202DC
:10934000020202020202020202202020202020202B
:10935000202020020202020202029090909090903F
:1093600010101010101010101010101010101010FD
:109370001010101002020202020288888888888871
:10938000080808080808080808080808080808085D
:1093900008080808020202024000000019930008B1
:1093A00000000000000000000204060800000000A9
:1093B0000000000001020304060708090000000085
:1093C000010203040102030406070809000001006A
:1093D000020001000300010002000100040001007E
:1093E000020001000300010002000100050001006D
:1093F000020001000300010002000100040001005E
:10940000020001000300010002000100060001004B
:10941000020001000300010002000100040001003D
:10942000020001000300010002000100050001002C
:10943000020001000300010002000100040001001D
:10944000020001000300010002000100070001000A
:1094500002000100030001000200010004000100FD
:1094600002000100030001000200010005000100EC
:1094700002000100030001000200010004000100DD
:1094800002000100030001000200010006000100CB
:1094900002000100030001000200010004000100BD
:1094A00002000100030001000200010005000100AC
:1094B000020001000300010002000100040001009D
:1094C0000200010003000100020001007365745FE7
:1094D00066696C74657200736574207468652066D3
:1094E000696C74657220706172616D657465727308
:1094F000006765745F66696C7465720067657420E7
:109500007468652066696C74657220706172616D43
:109510006574657273007365745F63616C69620082
:109520007365742063616C69622076616C75650097
:109530006765745F63616C6962006765742063616D
:109540006C69622076616C7565007365745F636F2A
:1095500072720073657420636F7272656374696FF1
:109560006E2076616C7565006765745F636F7272FB
:109570000067657420636F7272656374696F6E2033
:1095800076616C75650072657365745F7061726198
:109590000072657365742063616C696220616E643A
:1095A00020636F7272656374696F6E2076616C758B
:1095B000650073686F775F76616C75650073686FBF
:1095C00077206D6561737572652076616C756500D5
:1095D0007072696E74665F73746172740073746123
:1095E0007274207072696E7466206D656173757235
:1095F000652076616C7565007072696E74665F7364
:10960000746F700073746F70207072696E7466206E
:109610006D6561737572652076616C75650068654E
:109620006C6C6F007361792068656C6C6F20746F6F
:109630002052542D546872656164206E616E6F0013
:109640007365745F666C6F617400696E7075742009
:10965000666C6F617420706172616D6574657273A0
:10966000006765745F666C6F6174006F7574707508
:109670007420666C6F617420706172616D657465D1
:10968000727300636C65617200636C656172207453
:109690006865207465726D696E616C2073637265B4
:1096A000656E0076657273696F6E0073686F772000
:1096B00052542D5468726561642076657273696FC7
:1096C0006E20696E666F726D6174696F6E006C6991
:1096D00073745F746872656164006C69737420747C
:1096E0006872656164006C6973745F73656D006CAA
:1096F0006973742073656D6170686F726520696E3F
:109700002073797374656D006C6973745F6D616942
:109710006C626F78006C697374206D61696C206293
:109720006F7820696E2073797374656D006C69734E
:10973000745F74696D6572006C6973742074696D0F
:10974000657220696E2073797374656D006C69733E
:1097500074006C697374206F626A65637473006867
:10976000656C700052542D54687265616420736892
:10977000656C6C2068656C702E0030313233343586
:10978000363738394142434445460030313233346C
:1097900035363738396162636465660068617264C2
:1097A000206661756C74206F6E2068616E646C65F4
:1097B000720D0A0D0A0068617264206661756C742E
:1097C000206F6E207468726561643A2025730D0AFB
:1097D0000D0A0073687574646F776E2E2E2E0A0062
:1097E0006D656D206D616E616765206661756C7475
:1097F0003A0A007573616765206661756C743A0A90
:1098000000627573206661756C743A0A00534342B6
:109810002D3E424641523A253038580A00534342C1
:109820002D3E4D4D41523A253038580A0066616947
:109830006C656420766563746F7220666574636816
:109840000A006465627567206576656E740A007249
:1098500030303A203078253038780A007231303A8A
:10986000203078253038780A007230313A2030784C
:10987000253038780A007231313A20307825303876
:10988000780A007230323A203078253038780A0071
:109890007231323A203078253038780A007230330D
:1098A0003A203078253038780A007230343A203047
:1098B00078253038780A007230353A2030782530F3
:1098C00038780A007230363A203078253038780AF5
:1098D000007230373A203078253038780A007230FC
:1098E000383A203078253038780A007230393A20FA
:1098F0003078253038780A002070633A2030782597
:109900003038780A00206C723A2030782530387868
:109910000A007073723A203078253038780A00498E
:109920004E5650432000554E414C49474E45442029
:1099300000494E5653544154452000444143435638
:10994000494F4C20004941434356494F4C20004465
:10995000495642595A45524F20004E4F435020001D
:109960004D53544B45525220004D554E53544B4588
:1099700052522000494D50524543495345525220BE
:1099800000494255534552522000554E44454649E0
:109990004E53545220005343425F434653525F425A
:1099A0004653523A30782530325820005343425FB4
:1099B000434653525F4D4653523A30782530325821
:1099C00020005343425F434653525F554653523A39
:1099D00030782530325820006D61696E00746964FA
:1099E0006C652564000A205C207C202F0A00203250
:1099F000303036202D203230323220436F70797271
:109A0000696768742062792052542D5468726561C8
:109A100064207465616D0A002D205254202D202091
:109A2000202020546872656164204F7065726174F3
:109A3000696E672053797374656D0A00202F207C4E
:109A4000205C202020202025642E25642E256420E3
:109A50006275696C642025732025730A00284E55B1
:109A60004C4C29004D6172203231203230323600A8
:109A700030353A33383A3339004F4B0045494E566A
:109A8000414C0045525346554C4C00454E4F4D45B8
:109A90004D0045494F004552524F5200454E4F53DD
:109AA00059530045494E54525054004554494D4F66
:109AB00055540045554E4B4E4F570045425553594E
:109AC00000455253455054590068656170006D65FA
:109AD0006D20696E69742C206572726F72206265E8
:109AE00067696E20616464726573732030782578CD
:109AF0002C20616E6420656E6420616464726573FD
:109B00007320307825780A00736D616C6C0073687F
:109B1000656C6C5F727800706172616D65746572FE
:109B2000732073686F756C6420696E2030202D205F
:109B3000390D0A0074686520666C6974657220705E
:109B4000617261656D74657273206973203A0D0AE4
:109B5000007468652063616C69622076616C75656C
:109B60002069733A0D0A0073657420636D6420697F
:109B7000733A2025640D0A0066696C7465725F6330
:109B80006F656666696369656E745F6164645F765C
:109B9000616C75652069733A2025640D0A00666959
:109BA0006C7465725F636F656666696369656E7420
:109BB0005F6F72675F76616C75652069733A202507
:109BC000640D0A00646D70696E675F636F756E7413
:109BD00065725F6D61785F76616C75652069733A57
:109BE0002025640D0A0066696C7465725F636F6599
:109BF0006666696369656E745F6D61785F76616CD6
:109C000075652069733A2025640D0A0066696C74D5
:109C100065725F636F656666696369656E745F76BA
:109C20006172696174696F6E5F6F725F6E6F7420CD
:109C300069733A2025640D0A0073746F7020707286
:109C4000696E7466206D6561737572652076616CEE
:109C500075650D0A007374617274207072696E7498
:109C600066206D6561737572652076616C75650D32
:109C70000A00636F7272656374696F6E2076616C3F
:109C80007565206973206B3A2025662C20623A2086
:109C900025660D0A00696E6465783A2025642C20DB
:109CA0006164633A2025662C2076616C3A20256633
:109CB0000D0A0066696C7465725F64616D70696E2F
:109CC000675F6163635F76616C75652069732025EA
:109CD000660D0A00666C697465725F6469725F760E
:109CE000616C75652069732025660D0A00666C6FCE
:109CF000775F76616C75655F7573655F6F726967B5
:109D0000696E616C5F73656E736F725F76616C759F
:109D1000652069732025660D0A00666C6F775F7693
:109D2000616C75655F776974685F66696C7465728C
:109D30002069732025660D0A00666C6F775F766177
:109D40006C75655F776974686F75745F66696C744C
:109D500065722069732025660D0A00706172616D5D
:109D6000657465727320697320696C6C6567616CDA
:109D70000D0A00706172616D65746572732069739C
:109D800020746F6F206C6573730D0A002F722F6E35
:109D900000666C6F775F76616C75655F7769746874
:109DA0005F66696C7465723A202020202020202094
:109DB0002020202020202020202025660D0A00665B
:109DC0006C6F775F76616C75655F776974686F75C6
:109DD000745F66696C7465723A2020202020202010
:109DE000202020202020202025660D0A00666C6F90
:109DF000775F76616C75655F7573655F6F726967B4
:109E0000696E616C5F73656E736F725F76616C759E
:109E1000653A2020202025660D0A007468652066BA
:109E20006C6F617420706172616D6574657273200E
:109E3000697320252E32662C20252E32660D0A00ED
:109E400074686520696E70757420706172616D65EB
:109E50007465727320697320252E32662C20252E9E
:109E600032660D0A0068656C6C6F207274746872DB
:109E7000656164206E616E6F0D0A00666C6F775FBE
:109E800063616C69625F74687265616400202D2D86
:109E90002D20202D2D2D2D2D2D2D202D2D2D2D2D19
:109EA0002D2D2D2D2D202D2D2D2D2D2D2D2D2D2DEF
:109EB00020202D2D2D2D2D2D20202D2D2D2D2D2D06
:109EC0002D2D2D2D202D2D2D0A00202D2D2D2D2D2C
:109ED0002D2D2D2D2D202D2D2D2D2D2D2D2D2D2DBF
:109EE000202D2D2D2D2D2D2D2D2D2D2D202D2D2DBC
:109EF0002D2D2D2D2D2D0A00202D2D2D202D2D2DFC
:109F00002D2D2D2D2D2D2D2D2D2D2D0A00202D2DDE
:109F10002D2D20202D2D2D2D202D2D2D2D2D2D2D98
:109F20002D2D2D2D2D2D2D0A005B6F7074696F6EF8
:109F3000735D3A0A0055736167653A206C69737402
:109F4000205B6F7074696F6E735D0A007065726973
:109F50006F6469630A00252D2A2E2A732025303369
:109F6000642025640A00252D2A2E2A7320253034EA
:109F7000642020253034642025640A00252D2A2EF3
:109F800073207620202073757370656E642074686A
:109F9000726561640A00252D2A2E7320656E747225
:109FA000792073697A652073757370656E642074A7
:109FB00068726561640A00252D2A2E732020706561
:109FC00072696F64696320202074696D656F7574B0
:109FD00020202020616374697661746564202020EC
:109FE00020206D6F64650A00252D2A2E7320707263
:109FF00069202073746174757320202020202073E1
:10A00000702020202020737461636B2073697A654F
:10A01000206D61782075736564206C6566742074AA
:10A0200069636B20206572726F720A002030782598
:10A03000303878203078253038782020202025309E
:10A04000326425252020203078253038782025736B
:10A050000A0020202020746872656164202D206C25
:10A0600069737420746872656164730A002020202B
:10A070002073656D202D206C6973742073656D618C
:10A0800070686F7265730A002020202074696D6506
:10A0900072202D206C6973742074696D6572730A67
:10A0A00000202020206D61696C626F78202D206C6B
:10A0B000697374206D61696C626F78730A006F6EEA
:10A0C000652073686F740A0063757272656E742020
:10A0D0007469636B3A3078253038780A00616374AC
:10A0E0006976617465642020200020696E6974209F
:10A0F00020200020636C6F73652020002072656152
:10A100006479202000252D2A2E2A732025336420EF
:10A110000064656163746976617465642000252D4F
:10A120002A2E2A7320307825303878203078253050
:10A13000387820002D002F00252D2A2E2A73202567
:10A140003033642025643A00252D2A2E2A732025D9
:10A150003034642020253034642025643A001B5BB1
:10A16000324A1B5B48002073757370656E64007320
:10A17000656D6170686F7265002072756E6E696ED4
:10A18000670073656D0074696D657200252E2A7312
:10A19000006D61696C626F780025733A20636F6DA2
:10A1A0006D616E64206E6F7420666F756E642E0A2A
:10A1B00000546F6F206D616E79206172677320218A
:10A1C000205765206F6E6C79205573653A0A0052EE
:10A1D000542D546872656164207368656C6C2063EB
:10A1E0006F6D6D616E64733A0A00252D31367320F0
:10A1F0002D2025730A00257320000820080008255B
:10A2000073202008006E6F206D656D6F7279206677
:10A210006F72207368656C6C0A006D736820003E75
:10A2200000256300747368656C6C002573257300EA
:10A2300073687278000000005D73000855730008B1
:10A2400051730008C12E000859730008CC9400080F
:10A25000D794000821750008F1940008FC940008C8
:10A260000D38000816950008209500088D73000829
:10A27000309500083A950008353700084A950008DF
:10A2800053950008897400086895000871950008C6
:10A29000BD3700088695000891950008E14D00083B
:10A2A000B2950008BD950008B5770008D095000864
:10A2B000DD950008A94D0008F895000804960008EF
:10A2C000C54D00081E96000824960008413A000873
:10A2D000409600084A960008ED760008619600084E
:10A2E0006B960008193900088396000889960008C3
:10A2F000992C0008A3960008AB9600081D7A000868
:10A30000CE960008DA960008ED3D0008E6960008B3
:10A31000EF960008B53C000808970008159700085C
:10A32000653B00082D97000838970008C53F0008D6
:10A330004D97000852970008AD2C00085F97000861
:10A34000649700082D48000868A30008000000205A
:10A350003001000084120008F8A30008300100203A
:10A36000A0490000147F00085135A24A0401220CC4
:10A370002A2004328832021A1C0C290432283205A1
:10A380001A2C0C29043238320A1A3C0C29044A349B
:10A390003C111A4C0C290432301A58082904A14BDC
:10A3A0004842045AC8044B1643045A48045A7A04D3
:10A3B0005A96045AAF045AC8045AFA040330803F2C
:10A3C00013799A1B0896041AAB041A83041AC10461
:10A3D0001A8B041A9C041ABB041A92041AA3041AB6
:10A3E0007C041AB30413397A1B08A5041AF9041A59
:08A3F000E5041A290472320091
:04000005080000ED02
:00000001FF
